DATE,Euro  (Jan. 1999-),US Dollars  (Jan. 1977-),UK Pounds Sterling  (Jan. 1981-),Japanese Yen  (Jan. 1981-)
2018M01D02,744.4,617,836.8,5.5
2018M01D03,744.4,619.2,839.8,5.5
2018M01D04,744.5,617.1,835.5,5.5
2018M01D05,744.6,618.2,837.7,5.5
2018M01D08,744.7,622,842.3,5.5
2018M01D09,744.7,624.1,843.7,5.5
2018M01D10,744.7,621,839.8,5.6
2018M01D11,744.7,619.7,836.1,5.5
2018M01D12,744.9,613.7,837.1,5.5
2018M01D15,745,606.8,836.6,5.5
2018M01D16,744.9,609.1,838.3,5.5
2018M01D17,744.7,610.3,840.8,5.5
2018M01D18,744.8,608.7,844.3,5.5
2018M01D19,744.5,607.5,842.6,5.5
2018M01D22,744.4,608.2,845.1,5.5
2018M01D23,744.4,607.7,847.5,5.5
2018M01D24,744.5,602.7,854,5.5
2018M01D25,744.4,600,855.3,5.5
2018M01D26,744.3,598.5,852.2,5.5
2018M01D29,744.3,601.2,846.3,5.5
2018M01D30,744.2,599.1,846.3,5.5
2018M01D31,744.2,597.4,846.5,5.5
2018M02D01,744.3,597.4,850.4,5.4
2018M02D02,744.3,595.8,847.2,5.4
2018M02D05,744.3,598.3,840.4,5.4
2018M02D06,744.3,603.7,837.4,5.5
2018M02D07,744.3,603.3,839.4,5.5
2018M02D08,744.2,607.4,850.4,5.5
2018M02D09,744.4,606.5,838.8,5.6
2018M02D12,744.6,607.2,840.4,5.6
2018M02D13,744.9,604,837.6,5.6
2018M02D14,744.9,603.2,836.6,5.6
2018M02D15,744.9,596.3,840.2,5.6
2018M02D16,744.8,597.6,838.7,5.6
2018M02D19,744.8,600.2,840.7,5.6
2018M02D20,744.7,603.5,844.7,5.6
2018M02D21,744.7,604.8,841.8,5.6
2018M02D22,744.6,606.6,842.9,5.7
2018M02D23,744.7,605.5,846.8,5.7
2018M02D26,744.6,604.4,847.9,5.7
2018M02D27,744.6,605.3,842.3,5.7
2018M02D28,744.7,609.7,842.2,5.7
2018M03D01,744.7,611.9,841.3,5.7
2018M03D02,744.8,604.9,833.8,5.7
2018M03D05,744.7,605.1,836.1,5.7
2018M03D06,744.9,600.2,835.5,5.7
2018M03D07,745,600,832.3,5.7
2018M03D08,745.1,599.8,832.8,5.7
2018M03D09,744.9,606.1,838,5.7
2018M03D12,745,605.6,840.9,5.7
2018M03D13,744.9,601.8,840.2,5.6
2018M03D14,744.9,602.3,840.5,5.7
2018M03D15,744.9,603.6,841.9,5.7
2018M03D16,744.9,605.5,844,5.7
2018M03D19,744.8,605.1,850.3,5.7
2018M03D20,744.9,606.8,849.2,5.7
2018M03D21,744.9,606.3,852.2,5.7
2018M03D22,744.8,604.8,854.2,5.7
2018M03D23,744.8,603.3,853.3,5.7
2018M03D26,744.8,600.1,853.7,5.7
2018M03D27,744.9,601.9,847,5.7
2018M03D28,745.1,601,850.6,5.7
2018M04D03,744.9,605.2,851.1,5.7
2018M04D04,745,606.9,850.7,5.7
2018M04D05,744.7,607.4,852.1,5.7
2018M04D06,744.7,608.8,853.1,5.7
2018M04D09,744.7,605.2,855.1,5.7
2018M04D10,744.7,602.4,854.2,5.6
2018M04D11,744.5,601.2,852.2,5.6
2018M04D12,744.5,604.2,858.3,5.6
2018M04D13,744.7,604.6,861.9,5.6
2018M04D16,744.7,602.1,861.3,5.6
2018M04D17,744.7,602.7,863.2,5.6
2018M04D18,744.8,601.2,855,5.6
2018M04D19,744.8,601.5,856.3,5.6
2018M04D20,744.8,605.1,850.1,5.6
2018M04D23,744.8,608.6,849.8,5.6
2018M04D24,744.8,609.8,851.5,5.6
2018M04D25,744.9,611.3,852.5,5.6
2018M04D26,745.1,612.3,855.4,5.6
2018M04D30,745,616.8,847,5.6
2018M05D02,744.9,620.4,846.1,5.6
2018M05D03,745,621.2,844.8,5.7
2018M05D04,744.9,622.4,844.3,5.7
2018M05D07,744.9,625.8,846.3,5.7
2018M05D08,745,627.7,847.3,5.8
2018M05D09,745,627.1,851.9,5.7
2018M05D14,745.1,621.5,844.3,5.7
2018M05D15,744.9,626.9,847.5,5.7
2018M05D16,744.9,632.1,852.1,5.7
2018M05D17,744.8,630.9,852.7,5.7
2018M05D18,744.8,632.2,852.9,5.7
2018M05D22,744.8,631.5,849.4,5.7
2018M05D23,745,636.3,847,5.8
2018M05D24,745,635.2,851.6,5.8
2018M05D25,744.9,638,850.9,5.8
2018M05D28,744.7,639.6,851.5,5.8
2018M05D29,744.3,644,854.1,5.9
2018M05D30,744.3,639.9,850.7,5.9
2018M05D31,744.4,636.3,849,5.8
2018M06D01,744.4,637.9,849,5.8
2018M06D04,744.3,634.2,849,5.8
2018M06D06,744.4,632.7,848.9,5.7
2018M06D07,744.8,629.3,845.2,5.7
2018M06D08,744.8,633.6,848.9,5.8
2018M06D11,744.9,631.8,844.8,5.7
2018M06D12,745,632,844.9,5.7
2018M06D13,745,633.3,844.6,5.7
2018M06D14,745,635.1,849.6,5.8
2018M06D15,745,642.5,853.2,5.8
2018M06D18,745,641.5,849.9,5.8
2018M06D19,745.3,646.2,849.9,5.9
2018M06D20,745.3,643.7,848.1,5.9
2018M06D21,745.2,645.9,852.9,5.8
2018M06D22,745.3,639.8,850.1,5.8
2018M06D25,745.2,636.9,846.4,5.8
2018M06D26,745.1,638.4,845.2,5.8
2018M06D27,745.1,641.4,845,5.8
2018M06D28,745.1,643.3,841.7,5.8
2018M06D29,745.3,639.3,841.1,5.8
2018M07D02,745,640.1,840.4,5.8
2018M07D03,745.1,638.7,843.3,5.8
2018M07D04,745.1,640,845.6,5.8
2018M07D05,745.1,636.3,843.7,5.8
2018M07D06,745.3,635.7,841.2,5.7
2018M07D09,745.3,632.2,843.7,5.7
2018M07D10,745.4,636.4,843.8,5.7
2018M07D11,745.4,635.2,842.4,5.7
2018M07D12,745.5,639.5,844.7,5.7
2018M07D13,745.6,640.3,842.5,5.7
2018M07D16,745.5,636.1,844.6,5.7
2018M07D17,745.4,636.7,840.1,5.7
2018M07D18,745.4,642,836.5,5.7
2018M07D19,745.4,643.2,834.7,5.7
2018M07D20,745.2,638.6,833.1,5.7
2018M07D23,745.1,636,835.6,5.7
2018M07D24,745,636.5,835.5,5.7
2018M07D25,745.1,637.4,838.6,5.7
2018M07D26,745.2,636,838.6,5.7
2018M07D27,745,640.9,838.8,5.8
2018M07D30,744.9,637.6,836.3,5.7
2018M07D31,745,634.8,835,5.7
2018M08D01,745.1,637.1,836.9,5.7
2018M08D02,745.2,641.4,835.9,5.8
2018M08D03,745.3,643.1,836.9,5.8
2018M08D06,745.2,645.6,834.7,5.8
2018M08D07,745.2,642.3,832.8,5.8
2018M08D08,745.3,643.1,827.4,5.8
2018M08D09,745.7,643.2,829.1,5.8
2018M08D10,745.4,650.7,831.3,5.9
2018M08D13,745.4,653.7,834.4,5.9
2018M08D14,745.5,653.6,834.8,5.9
2018M08D15,745.7,658.7,836.7,5.9
2018M08D16,745.7,655.9,833.2,5.9
2018M08D17,745.8,654.7,832.6,5.9
2018M08D20,745.9,653.1,833.6,5.9
2018M08D21,745.8,648.4,831.1,5.9
2018M08D22,745.9,642.1,829.4,5.8
2018M08D23,745.9,644.2,829.9,5.8
2018M08D24,745.9,643.7,827,5.8
2018M08D27,745.8,641.1,825.3,5.8
2018M08D28,745.7,636.8,822.4,5.7
2018M08D29,745.7,639.6,824,5.7
2018M08D30,745.7,637.8,830.8,5.7
2018M08D31,745.6,639.9,830.8,5.8
2018M09D03,745.4,642.1,826.7,5.8
2018M09D04,745.5,644.8,827.8,5.8
2018M09D05,745.6,643.8,825.4,5.8
2018M09D06,745.7,640.9,830.2,5.8
2018M09D07,745.8,642.1,835.4,5.8
2018M09D10,745.8,644.5,834.8,5.8
2018M09D11,746,644.5,837.5,5.8
2018M09D12,745.9,643.9,837.9,5.8
2018M09D13,746,642,838.2,5.8
2018M09D14,746,638.2,836,5.7
2018M09D17,745.9,639.1,839.3,5.7
2018M09D18,746,637.8,838.6,5.7
2018M09D19,746,639.4,839.9,5.7
2018M09D20,745.9,633.8,842,5.7
2018M09D21,746,634.4,834.4,5.6
2018M09D24,746,633.6,833.9,5.6
2018M09D25,746,633.4,834.2,5.6
2018M09D26,745.8,635.5,837.3,5.6
2018M09D27,745.9,637.2,838.4,5.6
2018M09D28,745.6,644.1,840.4,5.7
2018M10D01,745.6,642.4,837,5.6
2018M10D02,745.6,645.9,837.4,5.7
2018M10D03,745.7,645.7,838.8,5.7
2018M10D04,745.7,648.3,841.8,5.7
2018M10D05,745.9,648.3,846,5.7
2018M10D08,746,649.9,847.6,5.7
2018M10D09,745.9,652.3,850.7,5.8
2018M10D10,746,648.7,853.1,5.7
2018M10D11,746,644.5,852.7,5.7
2018M10D12,746,644.6,851.2,5.7
2018M10D15,746.1,644.2,847.4,5.8
2018M10D16,746.1,643.9,851.8,5.7
2018M10D17,746,647,848.3,5.8
2018M10D18,746.1,648.5,849.3,5.8
2018M10D19,746.1,650.4,847.6,5.8
2018M10D22,746,649.1,843.7,5.8
2018M10D23,746,650,846.8,5.8
2018M10D24,746,655.1,845.5,5.8
2018M10D25,746.1,653.6,842.7,5.8
2018M10D26,746.1,657.6,841.3,5.9
2018M10D29,746.1,655.6,840.4,5.8
2018M10D30,746.1,656.1,837,5.8
2018M10D31,746.1,659.3,839.6,5.8
2018M11D01,746,654.8,846.1,5.8
2018M11D02,746,653.4,849,5.8
2018M11D05,746,656.1,852.2,5.8
2018M11D06,745.9,652.7,854.3,5.8
2018M11D07,746,649.4,853.5,5.7
2018M11D08,746,653,855.8,5.7
2018M11D09,745.9,657.5,856.9,5.8
2018M11D12,746,662.2,851.9,5.8
2018M11D13,746.1,662.6,858.2,5.8
2018M11D14,746.2,660.6,857.2,5.8
2018M11D15,746.2,660.1,844.4,5.8
2018M11D16,746.2,657.7,844.6,5.8
2018M11D19,746.3,653.1,837.7,5.8
2018M11D20,746.3,653.4,839.4,5.8
2018M11D21,746.2,654,837.4,5.8
2018M11D22,746.2,654.4,842.2,5.8
2018M11D23,746.2,657.3,843.3,5.8
2018M11D26,746.1,656.6,843.7,5.8
2018M11D27,746.2,658.7,840.8,5.8
2018M11D28,746.2,661.3,845.6,5.8
2018M11D29,746.2,655.3,837.2,5.8
2018M11D30,746.2,656.9,837.8,5.8
2018M12D03,746.2,658.5,837,5.8
2018M12D04,746.3,654.1,838,5.8
2018M12D05,746.3,657.3,839.6,5.8
2018M12D06,746.4,657.5,839.3,5.8
2018M12D07,746.4,656.4,837.9,5.8
2018M12D10,746.4,653.3,827.1,5.8
2018M12D11,746.4,656,827.3,5.8
2018M12D12,746.4,657.9,828.1,5.8
2018M12D13,746.5,656.5,830.8,5.8
2018M12D14,746.6,661.6,831,5.8
2018M12D17,746.6,658.3,830.6,5.8
2018M12D18,746.8,656.4,832.4,5.8
2018M12D19,746.8,654.8,826.8,5.8
2018M12D20,746.7,652.1,826.6,5.8
2018M12D21,746.7,654.2,827.7,5.9
2018M12D27,746.7,656.3,829,5.9
2018M12D28,746.7,651.9,827.2,5.9
2019M01D02,746.7,655.2,828.1,6
2019M01D03,746.8,658.1,826.9,6.1
2019M01D04,746.8,654.9,829.9,6.1
2019M01D07,746.8,652.5,832.3,6
2019M01D08,746.6,652.7,832,6
2019M01D09,746.6,651.8,830.4,6
2019M01D10,746.6,647.2,825.6,6
2019M01D11,746.4,647.2,829.2,6
2019M01D14,746.4,650.9,836.2,6
2019M01D15,746.4,653.3,838.4,6
2019M01D16,746.4,655.4,842.6,6
2019M01D17,746.5,655.1,845.8,6
2019M01D18,746.5,654.7,847.1,6
2019M01D21,746.6,657.1,845.5,6
2019M01D22,746.7,657.6,848.5,6
2019M01D23,746.7,656.9,856.2,6
2019M01D24,746.6,658.3,857.3,6
2019M01D25,746.6,658.1,862.4,6
2019M01D28,746.5,653.8,859.2,6
2019M01D29,746.5,653.6,860.7,6
2019M01D30,746.5,653.2,854.7,6
2019M01D31,746.6,649.9,852.5,6
2019M02D01,746.5,650.8,849.4,6
2019M02D04,746.5,652.3,851.5,5.9
2019M02D05,746.5,653.5,850.2,5.9
2019M02D06,746.5,655.2,849.6,6
2019M02D07,746.4,657.9,850.6,6
2019M02D08,746.3,657.8,853.1,6
2019M02D11,746.4,660,851.9,6
2019M02D12,746.2,660.6,850.8,6
2019M02D13,746.2,660,852.3,6
2019M02D14,746.2,662.2,848.4,6
2019M02D15,746.1,662.6,848.5,6
2019M02D18,746.2,658.7,851.6,6
2019M02D19,746.2,660.7,855.9,6
2019M02D20,746.1,657.9,858.2,5.9
2019M02D21,746.2,657.2,859.6,5.9
2019M02D22,746.2,658.9,855.1,5.9
2019M02D25,746.2,657.1,859.3,5.9
2019M02D26,746.2,656.8,867.1,5.9
2019M02D27,746.1,655.3,872.6,5.9
2019M02D28,746.1,653.6,869.2,5.9
2019M03D01,746.1,655.5,867.9,5.9
2019M03D04,746.2,658.2,869.9,5.9
2019M03D05,746.1,658.6,864,5.9
2019M03D06,746.1,660,867.9,5.9
2019M03D07,746.1,662,868.8,5.9
2019M03D08,746,664.8,868.4,6
2019M03D11,746.1,663.5,865.1,6
2019M03D12,746,661.7,866,6
2019M03D13,746,660,868.7,5.9
2019M03D14,746.2,660.7,875.6,5.9
2019M03D15,746.3,660,873.8,5.9
2019M03D18,746.2,657.5,871.1,5.9
2019M03D19,746.2,657,872.3,5.9
2019M03D20,746.2,657.3,864.9,5.9
2019M03D21,746.3,655.4,861.2,5.9
2019M03D22,746.2,660.3,868.8,6
2019M03D25,746.5,659.1,871.7,6
2019M03D26,746.5,661.2,874.9,6
2019M03D27,746.6,663,877.2,6
2019M03D28,746.6,665.5,872.6,6
2019M03D29,746.5,664.5,869.8,6
2019M04D01,746.4,664.3,871.4,6
2019M04D02,746.5,666.5,868,6
2019M04D03,746.4,663.9,874.1,6
2019M04D04,746.4,665.3,873.8,6
2019M04D05,746.5,664.5,868.6,6
2019M04D08,746.5,663.8,866.2,6
2019M04D09,746.5,662,864.7,5.9
2019M04D10,746.5,661.9,867.2,6
2019M04D11,746.5,662.7,866.3,6
2019M04D12,746.4,659.3,865,5.9
2019M04D15,746.4,659.8,864.8,5.9
2019M04D16,746.4,660.3,864,5.9
2019M04D17,746.5,660.6,862.1,5.9
2019M04D23,746.6,663.9,863.6,5.9
2019M04D24,746.7,666.1,862.7,6
2019M04D25,746.6,671.3,863.8,6
2019M04D26,746.5,670.6,864.7,6
2019M04D29,746.5,669.5,864.6,6
2019M04D30,746.5,665.4,865.5,6
2019M05D02,746.6,665.9,868.8,6
2019M05D03,746.6,669.3,870.3,6
2019M05D06,746.6,666.7,873.6,6
2019M05D07,746.6,667.5,871.7,6
2019M05D08,746.6,666.5,867.2,6.1
2019M05D09,746.6,667,866.9,6.1
2019M05D10,746.6,664.8,865.6,6.1
2019M05D13,746.7,664,864.7,6.1
2019M05D14,746.9,665.3,861.3,6.1
2019M05D15,747,667.9,860.3,6.1
2019M05D16,746.8,666.6,853.8,6.1
2019M05D20,746.8,668.8,852.3,6.1
2019M05D21,746.9,669.2,852.5,6.1
2019M05D22,746.8,668.5,845.9,6.1
2019M05D23,746.8,670.5,847.7,6.1
2019M05D24,746.8,667.5,845.6,6.1
2019M05D27,746.9,667,846.6,6.1
2019M05D28,746.9,667.3,845.2,6.1
2019M05D29,746.9,669.5,846.6,6.1
2019M06D03,746.8,667.7,842.7,6.2
2019M06D04,746.8,664.2,841.6,6.1
2019M06D06,746.9,662.9,843.4,6.1
2019M06D07,746.8,662.5,842.2,6.1
2019M06D11,746.9,659.8,838.4,6.1
2019M06D12,746.8,659.5,840.9,6.1
2019M06D13,746.8,661.5,839.6,6.1
2019M06D14,746.8,662.9,838.2,6.1
2019M06D17,746.7,664.7,837.1,6.1
2019M06D18,746.7,667.5,835.2,6.2
2019M06D19,746.7,666.3,838.8,6.1
2019M06D20,746.6,660.3,837.4,6.1
2019M06D21,746.6,659.8,834.9,6.1
2019M06D24,746.6,655.3,835.5,6.1
2019M06D25,746.5,655.6,834.3,6.1
2019M06D26,746.5,657,833.1,6.1
2019M06D27,746.4,656.5,834.7,6.1
2019M06D28,746.4,655.9,832.5,6.1
2019M07D01,746.5,657.7,832,6.1
2019M07D02,746.4,660.5,834.5,6.1
2019M07D03,746.4,661,831.7,6.1
2019M07D04,746.3,661.2,831.8,6.1
2019M07D05,746.4,662.8,832,6.1
2019M07D08,746.3,665.5,832.7,6.1
2019M07D09,746.3,666.1,829.5,6.1
2019M07D10,746.4,665.2,830,6.1
2019M07D11,746.7,661.7,831.6,6.1
2019M07D12,746.7,663.6,831.7,6.1
2019M07D15,746.7,662.6,830.8,6.1
2019M07D16,746.8,665.4,827.4,6.2
2019M07D17,746.7,665.8,826.5,6.1
2019M07D18,746.7,665.8,831.1,6.2
2019M07D19,746.6,665.1,833,6.2
2019M07D22,746.6,665.7,829.9,6.2
2019M07D23,746.6,668.2,831.1,6.2
2019M07D24,746.5,670.1,837.4,6.2
2019M07D25,746.5,671.6,839.1,6.2
2019M07D26,746.6,670.3,833,6.2
2019M07D29,746.7,671.5,825.6,6.2
2019M07D30,746.7,669.4,814.7,6.2
2019M07D31,746.7,669.7,815,6.2
2019M08D01,746.6,676.5,819.1,6.2
2019M08D02,746.6,672.3,815.9,6.3
2019M08D05,746.6,667.7,812.6,6.3
2019M08D06,746.4,667.2,812.9,6.3
2019M08D07,746.3,666.2,808.1,6.3
2019M08D08,746.3,666.8,810.2,6.3
2019M08D09,746.3,666.5,804,6.3
2019M08D12,746.3,666.7,805.8,6.3
2019M08D13,746.3,665.1,804,6.3
2019M08D14,746.1,666.9,805.1,6.3
2019M08D15,745.9,669,812,6.3
2019M08D16,745.9,673.4,819.4,6.3
2019M08D19,745.8,671.7,814.4,6.3
2019M08D20,745.6,673.2,813.8,6.3
2019M08D21,745.6,671.5,814.5,6.3
2019M08D22,745.6,672.7,818,6.3
2019M08D23,745.6,673.8,824.3,6.3
2019M08D26,745.6,670.8,821.1,6.3
2019M08D27,745.8,671.6,824.7,6.4
2019M08D28,745.8,672.9,821.1,6.4
2019M08D29,745.7,673.5,823.7,6.3
2019M08D30,745.6,675.6,823.3,6.4
2019M09D02,745.6,679.8,821,6.4
2019M09D03,745.7,681.8,820.4,6.4
2019M09D04,745.8,676.9,826.4,6.4
2019M09D05,745.9,674.5,832.6,6.3
2019M09D06,746.1,676.7,832.4,6.3
2019M09D09,746,676.1,835.6,6.3
2019M09D10,746.1,675.8,835.5,6.3
2019M09D11,746.1,678.1,837,6.3
2019M09D12,746.2,680.7,839.2,6.3
2019M09D13,746.8,673,838.2,6.2
2019M09D16,746.7,676.9,843.6,6.3
2019M09D17,746.7,677.2,840.8,6.3
2019M09D18,746.7,675.6,841.7,6.2
2019M09D19,746.7,674.7,841.5,6.3
2019M09D20,746.7,677,846.3,6.3
2019M09D23,746.6,679.7,845.2,6.3
2019M09D24,746.6,678.6,847,6.3
2019M09D25,746.5,679.7,841.9,6.3
2019M09D26,746.4,682.4,843.4,6.3
2019M09D27,746.6,682.8,841,6.3
2019M09D30,746.6,685.7,842.9,6.3
2019M10D01,746.6,685,839.2,6.3
2019M10D02,746.7,683.4,839.2,6.4
2019M10D03,746.6,681.7,840.8,6.4
2019M10D04,746.7,680.1,838.5,6.4
2019M10D07,746.8,679.3,837.6,6.4
2019M10D08,746.9,679.9,831.8,6.4
2019M10D09,746.9,680.2,831.3,6.3
2019M10D10,746.8,677.1,828.4,6.3
2019M10D11,746.9,676.3,853.4,6.2
2019M10D14,746.9,677.1,848.9,6.3
2019M10D15,747,678.7,858,6.3
2019M10D16,747.1,677.7,863.1,6.2
2019M10D17,747.1,672.3,860.3,6.2
2019M10D18,747,670.3,864.3,6.2
2019M10D21,747.1,668.7,869.4,6.2
2019M10D22,747.1,671.2,868,6.2
2019M10D23,747.1,671.6,864.6,6.2
2019M10D24,747.1,671.3,865.8,6.2
2019M10D25,747,672.6,862.7,6.2
2019M10D28,747.1,673.8,865.4,6.2
2019M10D29,747.1,673.3,865.4,6.2
2019M10D30,747.1,672.7,866.7,6.2
2019M10D31,747.1,669.8,867.4,6.2
2019M11D01,747.1,670.7,868.7,6.2
2019M11D04,747.1,669.6,865.1,6.2
2019M11D05,747.1,672.5,867.6,6.2
2019M11D06,747.1,673.7,868.4,6.2
2019M11D07,747.2,674.6,864.4,6.2
2019M11D08,747.3,677.2,867.3,6.2
2019M11D11,747.2,676.8,871.5,6.2
2019M11D12,747.2,678.4,870.7,6.2
2019M11D13,747.3,679,871.3,6.2
2019M11D14,747.2,679.5,872.5,6.3
2019M11D15,747.2,677.2,872.3,6.2
2019M11D18,747.3,675.6,875.7,6.2
2019M11D19,747.2,674.6,873.2,6.2
2019M11D20,747.3,675.8,871.9,6.2
2019M11D21,747.3,673.8,873.6,6.2
2019M11D22,747.3,675.8,869.1,6.2
2019M11D25,747.2,678.7,873.7,6.2
2019M11D26,747.2,678,871.7,6.2
2019M11D27,747.1,678.6,874.3,6.2
2019M11D28,747.2,678.9,877.1,6.2
2019M11D29,747.1,680.3,876.7,6.2
2019M12D02,747.1,677.8,876.7,6.2
2019M12D03,747.2,674.9,877,6.2
2019M12D04,747.2,674.3,883.1,6.2
2019M12D05,747.2,673.5,884.5,6.2
2019M12D06,747.2,673.5,884.8,6.2
2019M12D09,747.2,674.7,887.5,6.2
2019M12D10,747.3,674.7,888.9,6.2
2019M12D11,747.3,674.7,887,6.2
2019M12D12,747.3,671,883.8,6.2
2019M12D13,747.3,668.8,894.9,6.1
2019M12D16,747.3,670.5,895.9,6.1
2019M12D17,747.3,669.5,881.8,6.1
2019M12D18,747.2,672.2,878.5,6.1
2019M12D19,747.2,672.2,878.3,6.1
2019M12D20,747.2,673.3,877.7,6.2
2019M12D23,747.2,674.7,871.8,6.2
2019M12D27,747,669.8,877.5,6.1
2019M12D30,747,667.6,876.6,6.1
2020M01D02,747.2,667.6,880.8,6.1
2020M01D03,747.3,670.4,878,6.2
2020M01D06,747.3,667.6,877,6.2
2020M01D07,747.3,668.9,877.3,6.2
2020M01D08,747.3,672.3,880.6,6.2
2020M01D09,747.3,672.7,876.3,6.1
2020M01D10,747.3,673.8,881.2,6.1
2020M01D13,747.3,671.7,871.4,6.1
2020M01D14,747.3,672.3,872.8,6.1
2020M01D15,747.3,670.7,872.1,6.1
2020M01D16,747.3,669.1,874.3,6.1
2020M01D17,747.3,672.8,878.1,6.1
2020M01D20,747.3,674.1,876.3,6.1
2020M01D21,747.3,672.3,878.8,6.1
2020M01D22,747.3,674,884.9,6.1
2020M01D23,747.3,673.8,884.4,6.2
2020M01D24,747.3,677.2,886.3,6.2
2020M01D27,747.3,677.8,885.8,6.2
2020M01D28,747.3,679,883.3,6.2
2020M01D29,747.3,679.3,883.5,6.2
2020M01D30,747.3,677.6,887.7,6.2
2020M01D31,747.3,676.2,887.8,6.2
2020M02D03,747.3,675.3,881.5,6.2
2020M02D04,747.3,676.4,880.4,6.2
2020M02D05,747.3,677.9,884.9,6.2
2020M02D06,747.3,679.1,880.8,6.2
2020M02D07,747.2,681.2,882,6.2
2020M02D10,747.2,682.4,883,6.2
2020M02D11,747.2,685.5,886.1,6.2
2020M02D12,747.2,684.6,888.9,6.2
2020M02D13,747.2,687.6,896.2,6.3
2020M02D14,747.1,689.1,897.9,6.3
2020M02D17,747,689.4,897.4,6.3
2020M02D18,747,690.7,900.2,6.3
2020M02D19,746.9,691.6,898.3,6.3
2020M02D20,746.8,692.1,890.8,6.2
2020M02D21,747,691.6,894.5,6.2
2020M02D24,747,690.5,891.1,6.2
2020M02D25,747,689.1,893.2,6.2
2020M02D26,747.1,687,887.8,6.2
2020M02D27,747.3,681.6,879.2,6.2
2020M02D28,747.2,680.7,875.9,6.3
2020M03D02,747.3,671.9,857.9,6.2
2020M03D03,747.3,672.2,858.9,6.2
2020M03D04,747.3,671.7,860.4,6.2
2020M03D05,747.1,667.9,862,6.2
2020M03D06,747,658.9,857,6.3
2020M03D09,747,652,854.8,6.4
2020M03D10,747.1,656,855,6.3
2020M03D11,747.3,659.2,852.2,6.3
2020M03D12,747.3,664.8,843.2,6.4
2020M03D13,747.3,673,839,6.3
2020M03D16,747.3,669.8,822,6.3
2020M03D17,747.3,680.5,822.8,6.4
2020M03D18,747.3,683.5,810.6,6.3
2020M03D19,747.3,691.9,803.7,6.3
2020M03D20,746.9,697.6,820.5,6.3
2020M03D23,747.1,692.8,803.6,6.3
2020M03D24,746.7,688.6,810.7,6.2
2020M03D25,746.8,689.8,816.2,6.2
2020M03D26,746.6,679.9,817.3,6.2
2020M03D27,746.1,679.7,831.3,6.3
2020M03D30,746.7,676.7,839.9,6.3
2020M03D31,746.7,681.6,842.4,6.3
2020M04D01,746.4,682.5,843.8,6.3
2020M04D02,746.6,684.6,851,6.4
2020M04D03,746.9,692.5,850.2,6.4
2020M04D06,746.6,691.9,850.3,6.4
2020M04D07,746.8,686,847.7,6.3
2020M04D08,746.4,686.6,848.7,6.3
2020M04D14,746.2,680.7,855.3,6.3
2020M04D15,746.4,684.6,854.1,6.4
2020M04D16,746.2,685.3,856.1,6.4
2020M04D17,746,687,857.7,6.4
2020M04D20,745.8,686.8,853.9,6.4
2020M04D21,745.8,688.2,846.4,6.4
2020M04D22,745.9,686.4,848.4,6.4
2020M04D23,745.8,692.3,855.2,6.4
2020M04D24,745.8,690.5,852.3,6.4
2020M04D27,745.9,687.4,854.8,6.4
2020M04D28,745.7,685.6,856.4,6.4
2020M04D29,745.7,687.8,853.4,6.5
2020M04D30,745.8,685.8,858.2,6.4
2020M05D04,746.2,682,849,6.4
2020M05D05,746.1,688.1,857,6.4
2020M05D06,746.2,690.5,855.2,6.5
2020M05D07,746.1,691.9,852.8,6.5
2020M05D11,746,689.2,848.9,6.4
2020M05D12,745.8,686.8,849.7,6.4
2020M05D13,745.6,685.6,844.9,6.4
2020M05D14,745.7,691,842.7,6.5
2020M05D15,745.8,690.7,840.4,6.5
2020M05D18,745.5,688.2,836.2,6.4
2020M05D19,745.6,680.9,832.8,6.3
2020M05D20,745.7,680.5,834.5,6.3
2020M05D25,745.7,683.5,833,6.3
2020M05D26,745.6,679.3,838.9,6.3
2020M05D27,745.8,678.6,832.5,6.3
2020M05D28,745.4,676.7,830.8,6.3
2020M05D29,745.4,669.4,827.4,6.2
2020M06D02,745.4,667.1,836.8,6.2
2020M06D03,745.5,666,837,6.1
2020M06D04,745.6,662.7,831.3,6.1
2020M06D08,745.6,660.7,836.1,6
2020M06D09,745.7,660.2,836.7,6.1
2020M06D10,745.5,655.4,838,6.1
2020M06D11,745.5,656.9,831.4,6.1
2020M06D12,745.5,659.5,831.6,6.1
2020M06D15,745.6,662.6,831.7,6.2
2020M06D16,745.6,659.4,834.3,6.1
2020M06D17,745.6,663.8,833.6,6.2
2020M06D18,745.6,664.4,828.1,6.2
2020M06D19,745.5,665.1,823.8,6.2
2020M06D22,745.4,664.8,825.3,6.2
2020M06D23,745.4,658.6,822.4,6.2
2020M06D24,745.3,660.7,825,6.2
2020M06D25,745.3,665.5,826.9,6.2
2020M06D26,745.2,664.6,822.8,6.2
2020M06D29,745.3,660.5,814.2,6.2
2020M06D30,745.3,665.5,816.8,6.2
2020M07D01,745.3,665.4,824.2,6.2
2020M07D02,745.1,660.2,825.8,6.1
2020M07D03,745.2,663.9,826.9,6.2
2020M07D06,745.2,658,823.3,6.1
2020M07D07,745.2,660.1,826.6,6.1
2020M07D08,744.9,660.1,828.4,6.1
2020M07D09,745,656.9,831,6.1
2020M07D10,744.8,660.5,831.6,6.2
2020M07D13,744.5,657.2,827.8,6.1
2020M07D14,744.5,654.5,820.1,6.1
2020M07D15,744.7,650.7,822.5,6.1
2020M07D16,744.5,652.3,819.3,6.1
2020M07D17,744.5,651.5,817.5,6.1
2020M07D20,744.8,650.6,822.3,6.1
2020M07D21,744.5,650.6,826.7,6.1
2020M07D22,744.4,643,816.9,6
2020M07D23,744.3,643.4,816.2,6
2020M07D24,744.4,641.3,818.1,6
2020M07D27,744.4,633,814.9,6
2020M07D28,744.3,635.2,818.2,6
2020M07D29,744.3,634.8,823.4,6
2020M07D30,744.3,633.8,824.5,6
2020M07D31,744.4,628.3,826.7,6
2020M08D03,744.7,635.1,827.3,6
2020M08D04,744.6,632.9,824.3,6
2020M08D05,745.1,628.6,825.4,5.9
2020M08D06,745,629.1,827.5,6
2020M08D07,744.8,630.3,824.2,6
2020M08D10,744.8,633.2,826.1,6
2020M08D11,744.7,632,828.9,6
2020M08D12,744.7,632.7,823.1,5.9
2020M08D13,744.7,629.4,824.1,5.9
2020M08D14,744.7,630.4,825.9,5.9
2020M08D17,744.7,628.3,821.7,5.9
2020M08D18,744.7,625.5,824,5.9
2020M08D19,744.5,623.9,824.1,5.9
2020M08D20,744.5,628.3,825.7,5.9
2020M08D21,744.4,632.5,829.4,6
2020M08D24,744.4,628.3,825.5,5.9
2020M08D25,744.2,630,827.4,5.9
2020M08D26,744.4,631.4,830,5.9
2020M08D27,744.3,630.4,831.6,5.9
2020M08D28,744.4,624.8,832,5.9
2020M08D31,744.4,623.4,830.8,5.9
2020M09D01,744.3,621,836.6,5.9
2020M09D02,744.1,627.4,837.6,5.9
2020M09D03,744,629.8,834.7,5.9
2020M09D04,744,628.3,833,5.9
2020M09D07,744.1,629.3,828.3,5.9
2020M09D08,744.1,631.4,822.6,5.9
2020M09D09,744,632,815.7,5.9
2020M09D10,744,627.9,812.4,5.9
2020M09D11,744,627.7,805.2,5.9
2020M09D14,744,626.5,807,5.9
2020M09D15,744,625.6,807.8,5.9
2020M09D16,744,626.8,813.8,6
2020M09D17,744,630.6,812.8,6
2020M09D18,744,628.8,814.8,6
2020M09D21,744.1,631.3,812.2,6.1
2020M09D22,744.2,633.9,811.2,6.1
2020M09D23,744.3,636.6,810,6.1
2020M09D24,744.3,639.1,815.8,6.1
2020M09D25,744.7,640.1,815.2,6.1
2020M09D28,744.6,638,822.7,6.1
2020M09D29,744.6,636.3,818.6,6
2020M09D30,744.6,636,816.2,6
2020M10D01,744.2,633.3,820.3,6
2020M10D02,744.1,634.4,820.7,6
2020M10D05,744,632.2,819.3,6
2020M10D06,744.1,630.8,817.2,6
2020M10D07,744.2,632.3,814.1,6
2020M10D08,744.2,632.6,817.5,6
2020M10D09,744.2,631,816.3,6
2020M10D12,744.3,630.8,821.5,6
2020M10D13,744.3,631.5,821.6,6
2020M10D14,744.4,633.5,823.5,6
2020M10D15,744.3,636.3,822.1,6
2020M10D16,744.2,633.9,818.6,6
2020M10D19,744.1,631.4,821.4,6
2020M10D20,744.3,630.2,814.9,6
2020M10D21,744.3,628,820.2,6
2020M10D22,744.1,629.5,824.3,6
2020M10D23,744.1,627.6,820.6,6
2020M10D26,744.1,629.6,819.9,6
2020M10D27,744.1,628.9,820.2,6
2020M10D28,744.4,634.7,821,6.1
2020M10D29,744.6,636.2,823.4,6.1
2020M10D30,744.7,636.6,825.5,6.1
2020M11D02,744.6,639,826.8,6.1
2020M11D03,744.6,636.3,827,6.1
2020M11D04,744.7,635.3,827.8,6.1
2020M11D05,744.7,628.2,823.3,6.1
2020M11D06,744.9,627.6,823.8,6.1
2020M11D09,744.8,626.7,825.5,6
2020M11D10,744.5,630.5,834.7,6
2020M11D11,744.3,632.6,836.9,6
2020M11D12,744.6,631.5,829.5,6
2020M11D13,744.7,630.3,830.4,6
2020M11D16,744.8,629.6,829.2,6
2020M11D17,744.8,626.8,831.4,6
2020M11D18,745.2,627.9,833.8,6
2020M11D19,745,629.6,833.5,6.1
2020M11D20,744.9,627.9,833.3,6
2020M11D23,744.7,625.8,837.8,6
2020M11D24,744.2,627.3,836.1,6
2020M11D25,744.2,625.9,835,6
2020M11D26,744.2,625.4,835,6
2020M11D27,744.2,624.2,832,6
2020M11D30,744.1,621.1,828.2,6
2020M12D01,744.4,622,829,6
2020M12D02,744.4,616.9,822.6,5.9
2020M12D03,744.4,612.6,823.8,5.9
2020M12D04,744.3,612.1,824.4,5.9
2020M12D07,744.3,613.7,816,5.9
2020M12D08,744.4,614.5,816.7,5.9
2020M12D09,744.3,614.7,827,5.9
2020M12D10,744.2,614.3,816.9,5.9
2020M12D11,744.3,613.8,806.4,5.9
2020M12D14,744.2,611.9,820.5,5.9
2020M12D15,744.3,613.1,819.7,5.9
2020M12D16,744.2,610.5,827.3,5.9
2020M12D17,744,607.5,826.2,5.9
2020M12D18,743.9,606.8,819.1,5.9
2020M12D21,744,611.2,812.2,5.9
2020M12D22,744,607.9,816.3,5.9
2020M12D23,743.8,611.4,820.1,5.9
2020M12D28,743.6,608.6,822.5,5.9
2020M12D29,743.8,606.8,818.6,5.8
2020M12D30,743.9,605.8,823.8,5.9
2021M01D04,743.8,604.9,825,5.9
2021M01D05,743.9,606.2,823.5,5.9
2021M01D06,743.9,603,820.8,5.9
2021M01D07,743.9,606,824.8,5.9
2021M01D08,743.7,607.1,825.2,5.8
2021M01D11,743.7,611.5,824.2,5.9
2021M01D12,743.9,611.7,831.7,5.9
2021M01D13,743.9,611.5,836,5.9
2021M01D14,743.9,613.6,836.4,5.9
2021M01D15,743.9,613.7,835.9,5.9
2021M01D18,743.9,616.7,835.2,5.9
2021M01D19,743.9,613.2,834.9,5.9
2021M01D20,743.8,614.7,839.9,5.9
2021M01D21,744,611.9,839.4,5.9
2021M01D22,744,612,835.6,5.9
2021M01D25,744.1,612.3,837.9,5.9
2021M01D26,743.9,612.6,838.7,5.9
2021M01D27,743.8,614,841.4,5.9
2021M01D28,743.7,615.1,839.3,5.9
2021M01D29,743.7,612.8,841.5,5.9
2021M02D01,743.7,615.5,843.2,5.9
2021M02D02,743.7,617.5,844.4,5.9
2021M02D03,743.8,618.9,843.8,5.9
2021M02D04,743.7,619.9,848,5.9
2021M02D05,743.6,620.6,849.5,5.9
2021M02D08,743.7,618.4,846.7,5.9
2021M02D09,743.7,614.4,846.8,5.9
2021M02D10,743.7,613.3,848.5,5.9
2021M02D11,743.8,612.3,847.6,5.9
2021M02D12,743.6,614.2,847.4,5.8
2021M02D15,743.7,613.1,852.6,5.8
2021M02D16,743.7,612.4,851.5,5.8
2021M02D17,743.7,616.7,855.2,5.8
2021M02D18,743.6,615.4,859.3,5.8
2021M02D19,743.7,612.6,859.7,5.8
2021M02D22,743.7,612.9,859.4,5.8
2021M02D23,743.7,612.4,861.6,5.8
2021M02D24,743.6,612.3,864.4,5.8
2021M02D25,743.6,608.3,860.6,5.7
2021M02D26,743.6,613.5,854.2,5.8
2021M03D01,743.6,616.9,859.1,5.8
2021M03D02,743.6,618.2,860.3,5.8
2021M03D03,743.6,617.2,861.2,5.8
2021M03D04,743.6,617.9,862,5.8
2021M03D05,743.6,622.9,861.7,5.8
2021M03D08,743.6,626.7,867.4,5.8
2021M03D09,743.7,625.2,867.7,5.7
2021M03D10,743.7,625.3,868.2,5.8
2021M03D11,743.7,621.3,868.1,5.7
2021M03D12,743.7,623.2,866.4,5.7
2021M03D15,743.6,623.8,868,5.7
2021M03D16,743.6,623.5,865.2,5.7
2021M03D17,743.6,624.5,868,5.7
2021M03D18,743.6,624.2,869,5.7
2021M03D19,743.6,625.4,867.1,5.7
2021M03D22,743.6,623.5,862.3,5.7
2021M03D23,743.6,625.8,862.7,5.8
2021M03D24,743.6,628.8,862.1,5.8
2021M03D25,743.6,630.1,864,5.8
2021M03D26,743.6,631.1,869.7,5.7
2021M03D29,743.6,631,873.6,5.8
2021M03D30,743.7,633.4,871.1,5.7
2021M03D31,743.7,634.3,872.8,5.7
2021M04D06,743.8,629.7,871.4,5.7
2021M04D07,743.7,625.8,864.1,5.7
2021M04D08,743.8,626.4,861.9,5.7
2021M04D09,743.7,625.6,858.2,5.7
2021M04D12,743.7,624.7,859.6,5.7
2021M04D13,743.7,625.2,857.9,5.7
2021M04D14,743.7,621.6,855.7,5.7
2021M04D15,743.7,621.3,857.3,5.7
2021M04D16,743.7,620.5,856.8,5.7
2021M04D19,743.6,617.9,861.1,5.7
2021M04D20,743.7,617.1,861.8,5.7
2021M04D21,743.6,619.3,862.2,5.7
2021M04D22,743.7,617.4,856.2,5.7
2021M04D23,743.6,616.3,855.7,5.7
2021M04D26,743.6,615.3,855,5.7
2021M04D27,743.6,615.2,855.8,5.7
2021M04D28,743.6,616.1,854.8,5.7
2021M04D29,743.6,613.1,855.6,5.6
2021M05D03,743.7,617.4,856.4,5.6
2021M05D04,743.6,618.6,857,5.7
2021M05D05,743.6,619.4,861.9,5.7
2021M05D06,743.6,616.6,857.6,5.6
2021M05D07,743.6,616.6,856.6,5.6
2021M05D10,743.6,611.1,862.7,5.6
2021M05D11,743.6,611,864.5,5.6
2021M05D12,743.6,613.6,866.7,5.6
2021M05D17,743.6,612.4,862.5,5.6
2021M05D18,743.6,608.4,864.7,5.6
2021M05D19,743.6,608.9,862.3,5.6
2021M05D20,743.6,609.4,860.7,5.6
2021M05D21,743.6,610.1,866,5.6
2021M05D25,743.6,606.3,858.9,5.6
2021M05D26,743.6,608.1,861.4,5.6
2021M05D27,743.6,609.6,864,5.6
2021M05D28,743.7,612.5,867.1,5.6
2021M05D31,743.7,609.5,864.6,5.6
2021M06D01,743.7,608.3,861.9,5.5
2021M06D02,743.7,610.3,863.5,5.6
2021M06D03,743.7,610.2,865.2,5.6
2021M06D04,743.7,613.8,867.9,5.6
2021M06D07,743.7,611.5,866.5,5.6
2021M06D08,743.6,610.4,863.7,5.6
2021M06D09,743.7,609.8,864.2,5.6
2021M06D10,743.6,610.8,861.8,5.6
2021M06D11,743.6,613.3,867.6,5.6
2021M06D14,743.6,613.9,865.7,5.6
2021M06D15,743.6,614.2,863.2,5.6
2021M06D16,743.7,613.4,866.4,5.6
2021M06D17,743.7,623,869.6,5.6
2021M06D18,743.6,625,866.9,5.7
2021M06D21,743.6,625.4,868,5.7
2021M06D22,743.6,625.2,869.1,5.7
2021M06D23,743.6,622.2,870.4,5.6
2021M06D24,743.6,623,865.9,5.6
2021M06D25,743.6,622.3,865.2,5.6
2021M06D28,743.7,624.4,867.7,5.6
2021M06D29,743.6,625.5,865.2,5.7
2021M06D30,743.6,625.7,866.6,5.7
2021M07D01,743.6,625.7,864.3,5.6
2021M07D02,743.6,628.9,864.6,5.6
2021M07D05,743.6,626.7,868,5.7
2021M07D06,743.6,628.2,870.2,5.7
2021M07D07,743.6,628.5,869.7,5.7
2021M07D08,743.7,628.2,863.4,5.7
2021M07D09,743.7,627.2,867.2,5.7
2021M07D12,743.8,627.5,869.2,5.7
2021M07D13,743.8,628,869.8,5.7
2021M07D14,743.8,629.7,873.4,5.7
2021M07D15,743.8,629.8,873.1,5.7
2021M07D16,743.8,630.2,872,5.7
2021M07D19,743.8,632.1,865.7,5.8
2021M07D20,743.8,631.7,859.5,5.8
2021M07D21,743.9,631.9,861.3,5.7
2021M07D22,743.8,631.7,869.3,5.7
2021M07D23,743.8,632.1,869.5,5.7
2021M07D26,743.7,631,870.2,5.7
2021M07D27,743.7,629.7,869.8,5.7
2021M07D28,743.7,629.9,874,5.7
2021M07D29,743.8,626.4,874.2,5.7
2021M07D30,743.8,625.5,873.6,5.7
2021M08D02,743.8,625.8,869.3,5.7
2021M08D03,743.8,625.8,871.4,5.7
2021M08D04,743.7,627,873.3,5.8
2021M08D05,743.7,627.6,874.3,5.7
2021M08D06,743.7,629.9,876.6,5.7
2021M08D09,743.7,632.3,877.6,5.7
2021M08D10,743.7,634.5,879.5,5.7
2021M08D11,743.7,634.7,878.1,5.7
2021M08D12,743.7,633.5,877.6,5.7
2021M08D13,743.7,632.1,874,5.7
2021M08D16,743.7,631.7,876.2,5.8
2021M08D17,743.7,632,871.6,5.8
2021M08D18,743.7,634.4,873,5.8
2021M08D19,743.7,635.9,869.6,5.8
2021M08D20,743.7,637.2,867.3,5.8
2021M08D23,743.7,634.7,868.4,5.8
2021M08D24,743.7,633.5,869,5.8
2021M08D25,743.7,633.7,868.9,5.8
2021M08D26,743.7,632,867.6,5.7
2021M08D27,743.6,632.3,867.7,5.7
2021M08D30,743.6,630.1,867.2,5.7
2021M08D31,743.6,628.4,865.9,5.7
2021M09D01,743.6,629.3,866,5.7
2021M09D02,743.6,627.7,865.5,5.7
2021M09D03,743.6,626.4,866.3,5.7
2021M09D06,743.6,626.8,867.6,5.7
2021M09D07,743.6,627,863.5,5.7
2021M09D08,743.6,628.7,865.9,5.7
2021M09D09,743.6,628.2,869.2,5.7
2021M09D10,743.6,628,872.2,5.7
2021M09D13,743.6,631.3,873.6,5.7
2021M09D14,743.6,629.4,872.2,5.7
2021M09D15,743.6,628.9,869.6,5.8
2021M09D16,743.6,632.2,874.6,5.8
2021M09D17,743.6,631.2,871.1,5.7
2021M09D20,743.6,635,867.6,5.8
2021M09D21,743.6,633.5,866.1,5.8
2021M09D22,743.6,634,864.7,5.8
2021M09D23,743.6,634.8,869.8,5.8
2021M09D24,743.6,634.5,867.7,5.7
2021M09D27,743.6,635.7,870.5,5.7
2021M09D28,743.6,636.8,865.2,5.7
2021M09D29,743.6,638.1,860.2,5.7
2021M09D30,743.6,642.2,864.1,5.7
2021M10D01,743.7,641.1,868.3,5.8
2021M10D04,743.7,639.2,869.6,5.8
2021M10D05,743.8,641.1,873.3,5.8
2021M10D06,744,644.6,875.6,5.8
2021M10D07,744,643.5,875.1,5.8
2021M10D08,744.1,643.2,876.6,5.8
2021M10D11,744.1,642.9,876.7,5.7
2021M10D12,744.1,644,877.9,5.7
2021M10D13,744.1,643.6,876.4,5.7
2021M10D14,744.1,641.3,879.3,5.7
2021M10D15,744,641.3,881.9,5.6
2021M10D18,744,641.2,881.1,5.6
2021M10D19,744.1,638.4,882.9,5.6
2021M10D20,744,640.1,880.5,5.6
2021M10D21,744.1,639.4,882.7,5.6
2021M10D22,744.1,639.8,881.9,5.6
2021M10D25,744,641.2,881.7,5.6
2021M10D26,743.9,640.3,883.8,5.6
2021M10D27,743.9,640.4,880.1,5.6
2021M10D28,743.9,641.7,881.7,5.6
2021M10D29,743.9,638.8,880.5,5.6
2021M11D01,744,642.6,879.7,5.6
2021M11D02,744,641.2,875.8,5.6
2021M11D03,743.8,642.4,876.9,5.6
2021M11D04,743.8,642.9,871.4,5.6
2021M11D05,743.8,645.7,869.4,5.7
2021M11D08,743.8,642.4,870.2,5.7
2021M11D09,743.8,642.5,871.1,5.7
2021M11D10,743.8,643.5,869.4,5.7
2021M11D11,743.7,649,869.5,5.7
2021M11D12,743.7,649.6,869.8,5.7
2021M11D15,743.8,649.9,873.3,5.7
2021M11D16,743.7,654.2,879.7,5.7
2021M11D17,743.7,657.2,884.4,5.7
2021M11D18,743.6,655.5,883.4,5.7
2021M11D19,743.7,659.8,886.1,5.8
2021M11D22,743.7,659.4,886.2,5.8
2021M11D23,743.6,660.5,883.3,5.7
2021M11D24,743.7,663.6,886,5.8
2021M11D25,743.6,662.6,882.2,5.7
2021M11D26,743.7,658.6,878.8,5.8
2021M11D29,743.7,659.5,879.2,5.8
2021M11D30,743.7,654.5,873.1,5.8
2021M12D01,743.6,657.3,874.9,5.8
2021M12D02,743.6,655.8,873.5,5.8
2021M12D03,743.6,658.6,874.4,5.8
2021M12D06,743.6,658.8,873.5,5.8
2021M12D07,743.6,660.7,875.6,5.8
2021M12D08,743.6,658.1,868.7,5.8
2021M12D09,743.6,657.4,867.3,5.8
2021M12D10,743.6,659.7,871.2,5.8
2021M12D13,743.6,659.4,873.2,5.8
2021M12D14,743.6,657.6,871.3,5.8
2021M12D15,743.6,660.3,875.1,5.8
2021M12D16,743.6,656,876.6,5.7
2021M12D17,743.6,656.4,872.7,5.8
2021M12D20,743.6,659.7,872.8,5.8
2021M12D21,743.6,658.4,872,5.8
2021M12D22,743.6,658,875.9,5.8
2021M12D23,743.6,657.5,882.9,5.7
2021M12D27,743.6,657.4,881.8,5.7
2021M12D28,743.6,656.3,882.7,5.7
2021M12D29,743.7,657.9,884.1,5.7
2021M12D30,743.7,656.1,886,5.7
2022M01D03,743.8,655.1,884.1,5.7
2022M01D04,743.8,659.4,889.5,5.7
2022M01D05,743.8,657.2,890.3,5.7
2022M01D06,743.9,657.5,889.9,5.7
2022M01D07,743.8,658.4,891.5,5.7
2022M01D10,743.8,657.2,891.9,5.7
2022M01D11,744,656.4,891.3,5.7
2022M01D12,744.1,654.5,892.9,5.7
2022M01D13,744.1,649.1,890.7,5.7
2022M01D14,744.1,650.1,891.1,5.7
2022M01D17,744.2,652.6,890.4,5.7
2022M01D18,744.3,654.8,889.5,5.7
2022M01D19,744.2,656,894.8,5.7
2022M01D20,744.2,656.4,893.8,5.7
2022M01D21,744.3,655.9,890,5.8
2022M01D24,744.3,658.5,888.2,5.8
2022M01D25,744.4,660.6,889.2,5.8
2022M01D26,744.2,659.9,891.7,5.8
2022M01D27,744.3,666.9,892.8,5.8
2022M01D28,744.3,668.3,894.9,5.8
2022M01D31,744.2,667.1,895,5.8
2022M02D01,744.1,660.8,891.1,5.8
2022M02D02,743.8,656.9,891.9,5.7
2022M02D03,743.9,659.1,894,5.7
2022M02D04,744.3,649.3,879.9,5.7
2022M02D07,744.4,650.3,879.1,5.7
2022M02D08,744.4,652.5,882.3,5.7
2022M02D09,744.4,651,883.5,5.6
2022M02D10,744,650.4,883.2,5.6
2022M02D11,744,651.7,886.2,5.6
2022M02D14,744.1,657.6,888.8,5.7
2022M02D15,744.2,656,888.5,5.7
2022M02D16,744.1,654.3,886.5,5.7
2022M02D17,744,654.3,891.1,5.7
2022M02D18,743.8,655.1,891.6,5.7
2022M02D21,744,656.2,893.1,5.7
2022M02D22,743.9,655.9,889,5.7
2022M02D23,743.9,655.8,891.3,5.7
2022M02D24,744.1,666.5,891.5,5.8
2022M02D25,744.2,663.5,888.7,5.7
2022M02D28,744,664.4,890.5,5.8
2022M03D01,743.8,666.3,893,5.8
2022M03D02,743.9,669.8,892.8,5.8
2022M03D03,744,671.7,898.8,5.8
2022M03D04,743.9,680.7,903,5.9
2022M03D07,744.1,682.9,900.5,5.9
2022M03D08,744.4,683.5,894.9,5.9
2022M03D09,744.4,677.2,890.8,5.8
2022M03D10,744,671.3,883.9,5.8
2022M03D11,744,677,886.1,5.8
2022M03D14,744.1,678.9,886.7,5.8
2022M03D15,744.1,677,885.3,5.7
2022M03D16,744.1,676.8,886,5.7
2022M03D17,744.4,673.6,882.9,5.7
2022M03D18,744.2,676.1,886.8,5.7
2022M03D21,744.1,674.1,888.2,5.7
2022M03D22,744,674.9,894,5.6
2022M03D23,743.8,677.1,893.1,5.6
2022M03D24,744,677.7,893.3,5.6
2022M03D25,744,676.3,892.4,5.5
2022M03D28,743.9,678.4,889.4,5.5
2022M03D29,743.9,671.1,881,5.4
2022M03D30,743.9,668.6,879.7,5.5
2022M03D31,743.8,670,879.2,5.5
2022M04D01,743.9,673.1,884.1,5.5
2022M04D04,743.9,675.9,886.7,5.5
2022M04D05,743.8,678.1,890.9,5.5
2022M04D06,743.8,680.9,891,5.5
2022M04D07,743.8,681.4,891.3,5.5
2022M04D08,743.7,684.8,892.2,5.5
2022M04D11,743.8,682.3,888.7,5.4
2022M04D12,743.8,684.8,891.3,5.5
2022M04D13,743.8,687,893.1,5.5
2022M04D19,743.9,688.6,896.8,5.4
2022M04D20,744.1,687,896.8,5.4
2022M04D21,744,683.4,890.8,5.3
2022M04D22,744,687.8,886.5,5.4
2022M04D25,743.9,692.3,882.1,5.4
2022M04D26,743.9,697,884.2,5.5
2022M04D27,744.1,703.1,883.6,5.5
2022M04D28,744.2,709.8,882.3,5.4
2022M04D29,744.2,706,886.9,5.4
2022M05D02,743.9,706.9,887.6,5.4
2022M05D03,744,704.8,884.4,5.4
2022M05D04,744.1,706.6,883.8,5.4
2022M05D05,744.1,704.1,873.4,5.4
2022M05D06,744,703.9,868.9,5.4
2022M05D09,743.9,704.5,872.7,5.4
2022M05D10,743.9,704.8,869.1,5.4
2022M05D11,743.9,705,871.2,5.4
2022M05D12,744.1,715,872.4,5.6
2022M05D16,744.2,714.1,875,5.5
2022M05D17,744.1,706,881.7,5.5
2022M05D18,744.2,707.2,878.9,5.5
2022M05D19,744.2,707.1,878.4,5.5
2022M05D20,744.2,703.6,877.4,5.5
2022M05D23,744.1,698.1,877.7,5.5
2022M05D24,744.1,694.1,867.8,5.5
2022M05D25,744.1,698.3,872.3,5.5
2022M05D30,743.9,691.1,873.7,5.4
2022M05D31,743.9,694.4,873.8,5.4
2022M06D01,743.9,694.5,873.6,5.4
2022M06D02,743.9,695.8,873.2,5.4
2022M06D03,743.9,693.3,870.9,5.3
2022M06D07,744,697.8,871.5,5.3
2022M06D08,743.9,692.7,869.3,5.2
2022M06D09,743.9,692.5,868.5,5.2
2022M06D10,743.9,703.2,874.7,5.3
2022M06D13,744,711.6,866.6,5.3
2022M06D14,744,711.9,859.4,5.3
2022M06D15,743.9,713.2,861.7,5.3
2022M06D16,743.9,715.3,869.5,5.4
2022M06D17,743.8,709.4,870,5.3
2022M06D20,743.9,707.3,867.5,5.2
2022M06D21,743.9,705.2,864.9,5.2
2022M06D22,743.9,707,866.1,5.2
2022M06D23,743.9,708.9,866.8,5.2
2022M06D24,744,706.9,867.4,5.2
2022M06D27,744.1,703.8,863.2,5.2
2022M06D28,743.9,704.4,861.5,5.2
2022M06D29,743.9,707.4,860.4,5.2
2022M06D30,743.9,716.2,866.8,5.3
2022M07D01,743.9,713.6,858.5,5.3
2022M07D04,743.9,711.5,865.4,5.3
2022M07D05,744,723,866.6,5.3
2022M07D06,744,731.1,868.4,5.4
2022M07D07,744.1,730.9,874.3,5.4
2022M07D08,744.2,732.3,879.9,5.4
2022M07D11,744.1,736.9,880.2,5.4
2022M07D12,744.1,741,877.2,5.4
2022M07D13,744.2,739.2,882,5.4
2022M07D14,744.3,743.9,880.1,5.4
2022M07D15,744.3,739.9,875.8,5.3
2022M07D18,744.4,734.7,878.7,5.3
2022M07D19,744.5,726.7,872.8,5.3
2022M07D20,744.5,730,874.1,5.3
2022M07D21,744.5,729.9,870.3,5.3
2022M07D22,744.4,730.6,874.4,5.3
2022M07D25,744.5,727.3,877.8,5.3
2022M07D26,744.5,735.4,880.5,5.4
2022M07D27,744.5,733.3,884.8,5.4
2022M07D28,744.4,735.5,890.6,5.4
2022M07D29,744.4,729.9,886.3,5.5
2022M08D01,744.6,727.6,889.6,5.5
2022M08D02,744.3,728,889.6,5.6
2022M08D03,744.3,730.1,890,5.5
2022M08D04,744.3,731,883.6,5.5
2022M08D05,744.2,727.2,883.1,5.5
2022M08D08,744.1,729.5,884,5.4
2022M08D09,744.1,727.1,880.4,5.4
2022M08D10,744,725.7,879.3,5.4
2022M08D11,744,719.6,879.6,5.4
2022M08D12,744,723.3,878.2,5.4
2022M08D15,743.7,729.5,881.5,5.5
2022M08D16,743.7,734.1,883,5.5
2022M08D17,743.8,731.8,883.3,5.4
2022M08D18,743.9,730.9,881.5,5.4
2022M08D19,743.7,739.7,875.6,5.4
2022M08D22,743.7,743.6,878.5,5.4
2022M08D23,743.7,749.2,881.8,5.5
2022M08D24,743.8,748.8,882.5,5.5
2022M08D25,743.7,746,882.3,5.5
2022M08D26,743.8,743.3,879.3,5.4
2022M08D29,743.8,744.8,870.7,5.4
2022M08D30,743.8,741.2,868.4,5.4
2022M08D31,743.7,743.7,864.4,5.4
2022M09D01,743.7,743.4,860.1,5.3
2022M09D02,743.7,744.2,860,5.3
2022M09D05,743.6,749.6,861.1,5.3
2022M09D06,743.7,749,867.3,5.3
2022M09D07,743.7,752.3,859.6,5.2
2022M09D08,743.7,743,858.2,5.2
2022M09D09,743.7,740,856.2,5.2
2022M09D12,743.7,732.3,857,5.1
2022M09D13,743.7,730.9,856.8,5.1
2022M09D14,743.7,744.4,859.7,5.2
2022M09D15,743.7,744.3,855.4,5.2
2022M09D16,743.7,747.1,850.9,5.2
2022M09D19,743.7,744.5,847.2,5.2
2022M09D20,743.7,744.7,850.9,5.2
2022M09D21,743.6,750.7,851.5,5.2
2022M09D22,743.7,752.4,852.3,5.3
2022M09D23,743.7,762.4,843.1,5.3
2022M09D26,743.7,770.9,831.8,5.3
2022M09D27,743.7,771.1,833,5.3
2022M09D28,743.7,777.5,823.9,5.4
2022M09D29,743.7,766.2,831,5.3
2022M09D30,743.7,762.9,842.2,5.3
2022M10D03,743.7,761.6,854.1,5.3
2022M10D04,743.7,751.9,852.2,5.2
2022M10D05,743.9,750.3,851.7,5.2
2022M10D06,743.9,754.5,849.4,5.2
2022M10D07,743.8,759.2,851.2,5.2
2022M10D10,743.8,767.1,847.9,5.3
2022M10D11,743.9,765.1,848.2,5.3
2022M10D12,744,766.5,847,5.2
2022M10D13,743.9,763.8,859.8,5.2
2022M10D14,743.8,765.4,856.7,5.2
2022M10D17,743.8,763.7,862.4,5.1
2022M10D18,743.9,756.4,855.8,5.1
2022M10D19,743.9,760.8,855.1,5.1
2022M10D20,743.9,758.2,852.5,5.1
2022M10D21,743.8,764.5,847.9,5
2022M10D24,743.9,755.1,854.3,5.1
2022M10D25,743.9,754.4,853.6,5.1
2022M10D26,743.8,742.1,858.9,5
2022M10D27,743.9,741.1,857.5,5
2022M10D28,744.2,747.9,864.2,5.1
2022M10D31,744.4,750.9,864.5,5.1
2022M11D01,744.4,748.4,865,5.1
2022M11D02,744.3,751.2,864.5,5.1
2022M11D03,744.3,763.2,853.3,5.1
2022M11D04,744.2,753.8,850.7,5.1
2022M11D07,743.9,744.5,853.8,5.1
2022M11D08,743.8,744.1,851.2,5.1
2022M11D09,743.8,740.9,847.4,5.1
2022M11D10,743.8,747.3,852,5.1
2022M11D11,743.8,721.6,849.7,5.2
2022M11D14,743.8,720.8,850,5.1
2022M11D15,743.9,715,850.6,5.1
2022M11D16,743.9,714.4,850.3,5.1
2022M11D17,743.8,720.8,850.3,5.1
2022M11D18,743.9,717.6,854.4,5.1
2022M11D21,743.8,725.9,857,5.1
2022M11D22,743.8,723.9,861.3,5.1
2022M11D23,743.7,720.3,861.1,5.1
2022M11D24,743.7,714.2,865.4,5.2
2022M11D25,743.7,716.8,865.9,5.1
2022M11D28,743.7,710.8,858.7,5.1
2022M11D29,743.7,717.4,862.6,5.2
2022M11D30,743.7,716.7,859.8,5.2
2022M12D01,743.7,711.4,867.7,5.2
2022M12D02,743.7,705.8,866.3,5.3
2022M12D05,743.7,702.5,863.9,5.2
2022M12D06,743.8,707.3,863.2,5.2
2022M12D07,743.8,706.5,860.8,5.1
2022M12D08,743.8,707.1,862.3,5.2
2022M12D09,743.8,704.4,865.4,5.2
2022M12D12,743.8,704.2,864.8,5.1
2022M12D13,743.9,705.5,867.5,5.1
2022M12D14,743.9,698.6,863.8,5.2
2022M12D15,743.9,700.4,863,5.1
2022M12D16,743.8,700.4,852.7,5.1
2022M12D19,743.8,701.9,853.8,5.1
2022M12D20,743.9,701.8,849.9,5.3
2022M12D21,743.8,699.3,848.6,5.3
2022M12D22,743.7,699.4,842.8,5.3
2022M12D23,743.6,700.1,844.8,5.3
2022M12D27,743.7,700,841.9,5.2
2022M12D28,743.7,698.9,844.5,5.2
2022M12D29,743.7,698.3,839.8,5.2
2022M12D30,743.7,697.2,838.5,5.3
2023M01D02,743.7,696.2,839.2,5.3
2023M01D03,743.7,705.3,844.7,5.4
2023M01D04,743.7,701.7,844.4,5.4
2023M01D05,743.7,701.6,842.3,5.3
2023M01D06,743.7,708.3,840.6,5.3
2023M01D09,743.7,695.3,844.7,5.3
2023M01D10,743.8,693.6,842,5.2
2023M01D11,743.8,692.1,838.8,5.2
2023M01D12,743.9,690.5,838.7,5.3
2023M01D13,743.9,687.9,837.7,5.4
2023M01D16,743.9,688.1,838.1,5.4
2023M01D17,743.9,686,839.6,5.3
2023M01D18,744,686.4,850,5.3
2023M01D19,744,687.9,848.8,5.4
2023M01D20,743.9,687.2,849.2,5.3
2023M01D23,743.9,684.3,845.7,5.3
2023M01D24,744,685.2,841.9,5.3
2023M01D25,743.8,683.8,842.9,5.3
2023M01D26,743.8,682.7,845.8,5.3
2023M01D27,743.8,684.6,846.3,5.3
2023M01D30,743.8,682.2,845.5,5.2
2023M01D31,743.9,686.7,844.6,5.3
2023M02D01,744,682.9,841.5,5.3
2023M02D02,743.9,677,833.2,5.3
2023M02D03,744.4,680.7,834.1,5.3
2023M02D06,744.3,690.7,833.7,5.2
2023M02D07,744.2,695.5,833,5.3
2023M02D08,744.2,693.3,838.1,5.3
2023M02D09,744.2,690.9,840.8,5.3
2023M02D10,744.5,696.4,842.6,5.3
2023M02D13,744.9,697,843.7,5.3
2023M02D14,745.1,692.6,845.6,5.2
2023M02D15,745.2,696.4,838.9,5.2
2023M02D16,744.9,696.2,838.1,5.2
2023M02D17,744.6,700.8,837.7,5.2
2023M02D20,744.6,697.6,839.1,5.2
2023M02D21,744.6,698.2,846.8,5.2
2023M02D22,744.6,699.5,846.7,5.2
2023M02D23,744.3,701.1,844.4,5.2
2023M02D24,744.4,704.2,843.5,5.2
2023M02D27,744.3,705.2,845.1,5.2
2023M02D28,744.4,701,848.8,5.1
2023M03D01,744.3,696.7,840.3,5.1
2023M03D02,744.2,701.7,838.2,5.1
2023M03D03,744.1,701,840.5,5.1
2023M03D06,744.2,699.1,839.7,5.1
2023M03D07,744.3,697.9,836.6,5.1
2023M03D08,744.1,705.7,835.4,5.1
2023M03D09,744.2,705.1,837.9,5.2
2023M03D10,744.3,703.1,843.3,5.1
2023M03D13,744.4,695.4,842.4,5.2
2023M03D14,744.5,693.4,845.5,5.2
2023M03D15,744.5,705.7,853.3,5.3
2023M03D16,744.8,702.9,848.1,5.3
2023M03D17,744.5,700.8,851,5.3
2023M03D20,744.5,694.7,850.3,5.3
2023M03D21,744.7,691,845.9,5.2
2023M03D22,744.7,690.5,847,5.2
2023M03D23,744.8,684.6,841.4,5.2
2023M03D24,745.2,693.5,847.4,5.3
2023M03D27,745.2,691.7,848.5,5.3
2023M03D28,744.9,687.1,847.1,5.3
2023M03D29,745,686.8,846.7,5.2
2023M03D30,744.9,684.3,844.9,5.2
2023M03D31,744.9,684.9,847.2,5.1
2023M04D03,745,685.4,848.7,5.2
2023M04D04,745.1,683.5,853.2,5.1
2023M04D05,745,681,849.6,5.2
2023M04D11,745.1,683.2,849.2,5.1
2023M04D12,745.1,682.2,846.3,5.1
2023M04D13,745.1,676.4,846.1,5.1
2023M04D14,745.1,673.9,842.5,5.1
2023M04D17,745.2,678.6,843.2,5.1
2023M04D18,745.1,679.1,845.4,5.1
2023M04D19,745.1,681.6,845.7,5.1
2023M04D20,745.2,681,845.4,5.1
2023M04D21,745.3,678.9,841.5,5.1
2023M04D24,745.3,677.4,842.5,5
2023M04D25,745.3,676.2,840.8,5
2023M04D26,745.3,675.2,841.6,5
2023M04D27,745.4,675,842.9,5.1
2023M04D28,745.4,678.8,846.5,5
2023M05D02,745.4,679.8,848.3,4.9
2023M05D03,745.1,674.8,844.2,5
2023M05D04,745,672.8,846.5,5
2023M05D08,744.7,674.8,853.8,5
2023M05D09,744.5,679.4,855.9,5
2023M05D10,744.8,680.2,857.9,5
2023M05D11,744.8,681.5,858.2,5.1
2023M05D12,744.8,683.8,855.9,5.1
2023M05D15,744.7,684.7,856.6,5
2023M05D16,744.7,684.4,856.6,5
2023M05D17,744.8,687.8,857.1,5
2023M05D22,744.8,688.2,857.6,5
2023M05D23,744.8,690.9,856.1,5
2023M05D24,744.8,690.6,856.1,5
2023M05D25,745,694,858.4,5
2023M05D26,744.9,692.9,858,5
2023M05D30,744.9,693.3,862.5,5
2023M05D31,744.8,697.2,862,5
2023M06D01,744.8,696.2,867.8,5
2023M06D02,744.9,692.1,866.9,5
2023M06D06,744.9,697.3,865.2,5
2023M06D07,744.9,695.1,866.5,5
2023M06D08,745,693.8,865.1,5
2023M06D09,745.1,691.1,868.4,5
2023M06D12,745.2,692.2,869.8,5
2023M06D13,745.2,690.5,868.1,4.9
2023M06D14,745.3,689.5,872.1,4.9
2023M06D15,745.2,688.8,871.1,4.9
2023M06D16,745.1,679.4,872.1,4.8
2023M06D19,745,682.1,873.7,4.8
2023M06D20,744.9,681.3,869.2,4.8
2023M06D21,744.8,681.9,867.8,4.8
2023M06D22,744.9,678.1,865,4.8
2023M06D23,744.9,684.4,871.4,4.8
2023M06D26,744.6,682,867,4.8
2023M06D27,744.7,680.1,866.1,4.7
2023M06D28,744.7,680.8,861.7,4.7
2023M06D29,744.8,680.9,862,4.7
2023M06D30,744.7,685.4,867.7,4.7
2023M07D03,744.7,683.3,866.1,4.7
2023M07D04,744.8,683.6,869.3,4.7
2023M07D05,744.8,684.6,869.3,4.7
2023M07D06,744.9,683.5,873.2,4.8
2023M07D07,745.2,684.4,873.6,4.8
2023M07D10,745.1,680.1,869.1,4.8
2023M07D11,745.3,678.2,875.7,4.8
2023M07D12,745.2,676.1,872.9,4.8
2023M07D13,745.2,666.5,871.1,4.8
2023M07D14,744.8,663.8,870.2,4.8
2023M07D17,745,663.4,867.6,4.8
2023M07D18,745.1,662,868,4.8
2023M07D19,745.1,663.9,857.2,4.8
2023M07D20,745.1,665.4,857.2,4.8
2023M07D21,745.1,669.9,859.3,4.7
2023M07D24,745.1,671.5,862.9,4.8
2023M07D25,745.2,674.3,865,4.8
2023M07D26,745.2,673.8,869.6,4.8
2023M07D27,745.2,669.8,867.7,4.8
2023M07D28,745.3,676.9,871.1,4.9
2023M07D31,745.3,676.1,869,4.8
2023M08D01,745.2,679.3,867.9,4.8
2023M08D02,745.2,678.4,866.1,4.8
2023M08D03,745.2,681.6,861.8,4.8
2023M08D04,745.1,680.7,864.5,4.8
2023M08D07,745.2,678.4,864.8,4.8
2023M08D08,745.2,680.9,864.9,4.8
2023M08D09,745.1,679.4,864.6,4.7
2023M08D10,745.1,676.2,863.3,4.7
2023M08D11,745.1,677.1,862.2,4.7
2023M08D14,745.2,681.8,864.3,4.7
2023M08D15,745.2,682,867,4.7
2023M08D16,745.2,682.7,870.1,4.7
2023M08D17,745.2,683.7,872.6,4.7
2023M08D18,745.1,685.7,871.6,4.7
2023M08D21,745.2,683.2,871.9,4.7
2023M08D22,745.4,684.6,873.9,4.7
2023M08D23,745.3,689.8,870.2,4.7
2023M08D24,745.4,687.6,870.3,4.7
2023M08D25,745.4,689.7,870.3,4.7
2023M08D28,745.3,689.6,868.5,4.7
2023M08D29,745.3,689.9,868,4.7
2023M08D30,745.3,684.7,867.5,4.7
2023M08D31,745.2,685.7,869.4,4.7
2023M09D01,745.3,687.3,871.3,4.7
2023M09D04,745.3,690,871.2,4.7
2023M09D05,745.3,694.6,871.4,4.7
2023M09D06,745.6,693.9,872.1,4.7
2023M09D07,746,696.5,868.4,4.7
2023M09D08,745.9,696.9,870,4.7
2023M09D11,745.8,695.5,870.8,4.7
2023M09D12,746,696.4,868.2,4.7
2023M09D13,746.1,695.1,866.6,4.7
2023M09D14,746,695.3,867.5,4.7
2023M09D15,745.7,699.7,868.4,4.7
2023M09D18,745.5,699.2,865.5,4.7
2023M09D19,745.5,695.9,864.2,4.7
2023M09D20,745.3,696.4,861.3,4.7
2023M09D21,745.5,701,859.7,4.7
2023M09D22,745.6,700.3,859,4.7
2023M09D25,745.7,701.3,857.5,4.7
2023M09D26,745.8,703.2,857,4.7
2023M09D27,745.7,707.7,859,4.7
2023M09D28,745.6,707.5,863.6,4.7
2023M09D29,745.7,703.9,862.5,4.7
2023M10D02,745.9,708.3,861,4.7
2023M10D03,745.8,712.4,859.5,4.8
2023M10D04,745.9,710.6,861.4,4.8
2023M10D05,745.8,708.5,861.1,4.8
2023M10D06,745.8,706,862,4.7
2023M10D09,745.7,708.1,861.9,4.7
2023M10D10,745.6,704.6,863.1,4.7
2023M10D11,745.7,703.2,864.4,4.7
2023M10D12,745.6,702.2,864.4,4.7
2023M10D13,745.8,708.7,863.1,4.7
2023M10D16,745.9,707.8,861.9,4.7
2023M10D17,746.1,705.9,859.4,4.7
2023M10D18,746.1,706.2,861.5,4.7
2023M10D19,746.3,706.8,856.8,4.7
2023M10D20,746.2,704.6,855.6,4.7
2023M10D23,746.3,704.3,856.4,4.7
2023M10D24,746.5,702.1,857.8,4.7
2023M10D25,746.4,705.7,855.6,4.7
2023M10D26,746.3,708.1,856.2,4.7
2023M10D27,746.4,708.1,857.7,4.7
2023M10D30,746.4,703.8,854.5,4.7
2023M10D31,746.5,703,854.4,4.7
2023M11D01,746.4,708.4,858.5,4.7
2023M11D02,746.4,700.1,854.9,4.7
2023M11D03,746.3,697.3,857.9,4.7
2023M11D06,745.9,694.4,860.9,4.6
2023M11D07,745.8,697.9,858.6,4.6
2023M11D08,745.8,698.9,857.1,4.6
2023M11D09,745.8,697.6,855.3,4.6
2023M11D10,745.8,698.1,852.9,4.6
2023M11D13,746,699.1,855.9,4.6
2023M11D14,746,695.6,855.2,4.6
2023M11D15,745.9,686.3,855.5,4.6
2023M11D16,745.9,687.6,852.3,4.5
2023M11D17,745.8,686,853.4,4.6
2023M11D20,745.7,682.3,850.9,4.6
2023M11D21,745.6,680.6,853.8,4.6
2023M11D22,745.5,683.2,856.6,4.6
2023M11D23,745.6,684,857.6,4.6
2023M11D24,745.6,683,858.8,4.6
2023M11D27,745.5,680.8,860.2,4.6
2023M11D28,745.6,681,858.8,4.6
2023M11D29,745.7,678.8,861.8,4.6
2023M11D30,745.5,682,863.1,4.6
2023M12D01,745.4,685.5,866.3,4.6
2023M12D04,745.6,686.1,869.2,4.7
2023M12D05,745.6,689.3,869.8,4.7
2023M12D06,745.6,691.8,870.9,4.7
2023M12D07,745.5,692.2,869.4,4.8
2023M12D08,745.6,691.8,870.1,4.8
2023M12D11,745.6,693.2,871.3,4.7
