DATE,TIME_PERIOD,UK_pound,Japanese_yen,US_dollar
1/2/2018,2-Jan-18,0.89,135.35,1.21
1/3/2018,3-Jan-18,0.89,134.97,1.2
1/4/2018,4-Jan-18,0.89,135.92,1.21
1/5/2018,5-Jan-18,0.89,136.45,1.2
1/8/2018,8-Jan-18,0.88,135.34,1.2
1/9/2018,9-Jan-18,0.88,134.31,1.19
1/10/2018,10-Jan-18,0.89,133.62,1.2
1/11/2018,11-Jan-18,0.89,134.19,1.2
1/12/2018,12-Jan-18,0.89,134.88,1.21
1/15/2018,15-Jan-18,0.89,135.81,1.23
1/16/2018,16-Jan-18,0.89,135.4,1.22
1/17/2018,17-Jan-18,0.89,135.21,1.22
1/18/2018,18-Jan-18,0.88,136.07,1.22
1/19/2018,19-Jan-18,0.88,135.54,1.23
1/22/2018,22-Jan-18,0.88,135.66,1.22
1/23/2018,23-Jan-18,0.88,135.35,1.22
1/24/2018,24-Jan-18,0.87,135.13,1.24
1/25/2018,25-Jan-18,0.87,135.12,1.24
1/26/2018,26-Jan-18,0.87,135.95,1.24
1/29/2018,29-Jan-18,0.88,134.75,1.24
1/30/2018,30-Jan-18,0.88,134.98,1.24
1/31/2018,31-Jan-18,0.88,135.6,1.25
2/1/2018,1-Feb-18,0.88,136.62,1.25
2/2/2018,2-Feb-18,0.88,137.22,1.25
2/5/2018,5-Feb-18,0.89,136.67,1.24
2/6/2018,6-Feb-18,0.89,134.97,1.23
2/7/2018,7-Feb-18,0.89,134.84,1.23
2/8/2018,8-Feb-18,0.88,134.31,1.23
2/9/2018,9-Feb-18,0.89,133.59,1.23
2/12/2018,12-Feb-18,0.89,133.23,1.23
2/13/2018,13-Feb-18,0.89,132.82,1.23
2/14/2018,14-Feb-18,0.89,132.4,1.23
2/15/2018,15-Feb-18,0.89,133.11,1.25
2/16/2018,16-Feb-18,0.89,132.34,1.25
2/19/2018,19-Feb-18,0.89,132.24,1.24
2/20/2018,20-Feb-18,0.88,132.25,1.23
2/21/2018,21-Feb-18,0.88,132.41,1.23
2/22/2018,22-Feb-18,0.88,131.47,1.23
2/23/2018,23-Feb-18,0.88,131.28,1.23
2/26/2018,26-Feb-18,0.88,131.6,1.23
2/27/2018,27-Feb-18,0.88,131.77,1.23
2/28/2018,28-Feb-18,0.88,130.72,1.22
3/1/2018,1-Mar-18,0.89,129.98,1.22
3/2/2018,2-Mar-18,0.89,129.77,1.23
3/5/2018,5-Mar-18,0.89,130.02,1.23
3/6/2018,6-Mar-18,0.89,131.84,1.24
3/7/2018,7-Mar-18,0.9,131.41,1.24
3/8/2018,8-Mar-18,0.89,131.83,1.24
3/9/2018,9-Mar-18,0.89,131.31,1.23
3/12/2018,12-Mar-18,0.89,131.04,1.23
3/13/2018,13-Mar-18,0.89,132.31,1.24
3/14/2018,14-Mar-18,0.89,131.77,1.24
3/15/2018,15-Mar-18,0.88,130.9,1.23
3/16/2018,16-Mar-18,0.88,130.21,1.23
3/19/2018,19-Mar-18,0.88,130.65,1.23
3/20/2018,20-Mar-18,0.88,130.72,1.23
3/21/2018,21-Mar-18,0.87,130.5,1.23
3/22/2018,22-Mar-18,0.87,129.75,1.23
3/23/2018,23-Mar-18,0.87,129.74,1.23
3/26/2018,26-Mar-18,0.87,130.47,1.24
3/27/2018,27-Mar-18,0.88,131.04,1.24
3/28/2018,28-Mar-18,0.88,131.6,1.24
3/29/2018,29-Mar-18,0.87,131.15,1.23
4/3/2018,3-Apr-18,0.88,130.76,1.23
4/4/2018,4-Apr-18,0.88,130.43,1.23
4/5/2018,5-Apr-18,0.87,131.26,1.23
4/6/2018,6-Apr-18,0.87,131.32,1.22
4/9/2018,9-Apr-18,0.87,131.66,1.23
4/10/2018,10-Apr-18,0.87,132.28,1.24
4/11/2018,11-Apr-18,0.87,132.26,1.24
4/12/2018,12-Apr-18,0.87,132.04,1.23
4/13/2018,13-Apr-18,0.86,132.64,1.23
4/16/2018,16-Apr-18,0.86,132.77,1.24
4/17/2018,17-Apr-18,0.86,132.35,1.24
4/18/2018,18-Apr-18,0.87,132.82,1.24
4/19/2018,19-Apr-18,0.87,132.88,1.24
4/20/2018,20-Apr-18,0.88,132.41,1.23
4/23/2018,23-Apr-18,0.88,132.38,1.22
4/24/2018,24-Apr-18,0.87,132.92,1.22
4/25/2018,25-Apr-18,0.87,133.03,1.22
4/26/2018,26-Apr-18,0.87,132.87,1.22
4/27/2018,27-Apr-18,0.88,131.95,1.21
4/30/2018,30-Apr-18,0.88,132.12,1.21
5/2/2018,2-May-18,0.88,131.84,1.2
5/3/2018,3-May-18,0.88,131.03,1.2
5/4/2018,4-May-18,0.88,130.37,1.2
5/7/2018,7-May-18,0.88,130.15,1.19
5/8/2018,8-May-18,0.88,129.45,1.19
5/9/2018,9-May-18,0.87,130.24,1.19
5/10/2018,10-May-18,0.88,130.22,1.19
5/11/2018,11-May-18,0.88,130.44,1.19
5/14/2018,14-May-18,0.88,131.27,1.2
5/15/2018,15-May-18,0.88,130.77,1.19
5/16/2018,16-May-18,0.87,129.83,1.18
5/17/2018,17-May-18,0.87,130.66,1.18
5/18/2018,18-May-18,0.87,130.69,1.18
5/21/2018,21-May-18,0.88,130.84,1.18
5/22/2018,22-May-18,0.88,130.7,1.18
5/23/2018,23-May-18,0.88,128.61,1.17
5/24/2018,24-May-18,0.87,128.46,1.17
5/25/2018,25-May-18,0.88,127.72,1.17
5/28/2018,28-May-18,0.87,127.33,1.16
5/29/2018,29-May-18,0.87,125.88,1.16
5/30/2018,30-May-18,0.88,126.76,1.16
5/31/2018,31-May-18,0.88,127.33,1.17
6/1/2018,1-Jun-18,0.88,127.74,1.17
6/4/2018,4-Jun-18,0.88,128.44,1.17
6/5/2018,5-Jun-18,0.87,128.08,1.17
6/6/2018,6-Jun-18,0.88,129.57,1.18
6/7/2018,7-Jun-18,0.88,130.26,1.18
6/8/2018,8-Jun-18,0.88,128.64,1.18
6/11/2018,11-Jun-18,0.88,129.62,1.18
6/12/2018,12-Jun-18,0.88,130.03,1.18
6/13/2018,13-Jun-18,0.88,130.03,1.18
6/14/2018,14-Jun-18,0.88,129.15,1.17
6/15/2018,15-Jun-18,0.87,128.31,1.16
6/18/2018,18-Jun-18,0.88,128.27,1.16
6/19/2018,19-Jun-18,0.88,126.78,1.15
6/20/2018,20-Jun-18,0.88,127.39,1.16
6/21/2018,21-Jun-18,0.87,127.59,1.15
6/22/2018,22-Jun-18,0.88,128.3,1.16
6/25/2018,25-Jun-18,0.88,128.21,1.17
6/26/2018,26-Jun-18,0.88,127.95,1.17
6/27/2018,27-Jun-18,0.88,128.08,1.16
6/28/2018,28-Jun-18,0.89,127.63,1.16
6/29/2018,29-Jun-18,0.89,129.04,1.17
7/2/2018,2-Jul-18,0.89,128.86,1.16
7/3/2018,3-Jul-18,0.88,129.09,1.17
7/4/2018,4-Jul-18,0.88,128.64,1.16
7/5/2018,5-Jul-18,0.88,129.53,1.17
7/6/2018,6-Jul-18,0.89,129.65,1.17
7/9/2018,9-Jul-18,0.88,130.21,1.18
7/10/2018,10-Jul-18,0.88,130.3,1.17
7/11/2018,11-Jul-18,0.88,130.53,1.17
7/12/2018,12-Jul-18,0.88,131.13,1.17
7/13/2018,13-Jul-18,0.88,131.04,1.16
7/16/2018,16-Jul-18,0.88,131.65,1.17
7/17/2018,17-Jul-18,0.89,131.81,1.17
7/18/2018,18-Jul-18,0.89,130.92,1.16
7/19/2018,19-Jul-18,0.89,130.98,1.16
7/20/2018,20-Jul-18,0.89,130.94,1.17
7/23/2018,23-Jul-18,0.89,130.18,1.17
7/24/2018,24-Jul-18,0.89,130.06,1.17
7/25/2018,25-Jul-18,0.89,129.8,1.17
7/26/2018,26-Jul-18,0.89,129.91,1.17
7/27/2018,27-Jul-18,0.89,129.25,1.16
7/30/2018,30-Jul-18,0.89,129.79,1.17
7/31/2018,31-Jul-18,0.89,130.84,1.17
8/1/2018,1-Aug-18,0.89,130.81,1.17
8/2/2018,2-Aug-18,0.89,129.43,1.16
8/3/2018,3-Aug-18,0.89,129.3,1.16
8/6/2018,6-Aug-18,0.89,128.68,1.15
8/7/2018,7-Aug-18,0.89,128.88,1.16
8/8/2018,8-Aug-18,0.9,128.72,1.16
8/9/2018,9-Aug-18,0.9,128.84,1.16
8/10/2018,10-Aug-18,0.9,127.07,1.15
8/13/2018,13-Aug-18,0.89,126.11,1.14
8/14/2018,14-Aug-18,0.89,126.42,1.14
8/15/2018,15-Aug-18,0.89,125.67,1.13
8/16/2018,16-Aug-18,0.89,126.02,1.14
8/17/2018,17-Aug-18,0.9,125.75,1.14
8/20/2018,20-Aug-18,0.89,126.25,1.14
8/21/2018,21-Aug-18,0.9,127.01,1.15
8/22/2018,22-Aug-18,0.9,128.08,1.16
8/23/2018,23-Aug-18,0.9,128.31,1.16
8/24/2018,24-Aug-18,0.9,128.97,1.16
8/27/2018,27-Aug-18,0.9,129.16,1.16
8/28/2018,28-Aug-18,0.91,130.03,1.17
8/29/2018,29-Aug-18,0.91,129.73,1.17
8/30/2018,30-Aug-18,0.9,130.32,1.17
8/31/2018,31-Aug-18,0.9,129.05,1.17
9/3/2018,3-Sep-18,0.9,129.03,1.16
9/4/2018,4-Sep-18,0.9,128.6,1.16
9/5/2018,5-Sep-18,0.9,129.17,1.16
9/6/2018,6-Sep-18,0.9,129.55,1.16
9/7/2018,7-Sep-18,0.89,128.74,1.16
9/10/2018,10-Sep-18,0.89,128.54,1.16
9/11/2018,11-Sep-18,0.89,128.82,1.16
9/12/2018,12-Sep-18,0.89,129.13,1.16
9/13/2018,13-Sep-18,0.89,129.68,1.16
9/14/2018,14-Sep-18,0.89,130.75,1.17
9/17/2018,17-Sep-18,0.89,130.79,1.17
9/18/2018,18-Sep-18,0.89,131.21,1.17
9/19/2018,19-Sep-18,0.89,130.94,1.17
9/20/2018,20-Sep-18,0.89,131.98,1.18
9/21/2018,21-Sep-18,0.89,132.44,1.18
9/24/2018,24-Sep-18,0.89,132.56,1.18
9/25/2018,25-Sep-18,0.89,132.78,1.18
9/26/2018,26-Sep-18,0.89,132.61,1.17
9/27/2018,27-Sep-18,0.89,132.15,1.17
9/28/2018,28-Sep-18,0.89,131.23,1.16
10/1/2018,1-Oct-18,0.89,132.25,1.16
10/2/2018,2-Oct-18,0.89,131.46,1.15
10/3/2018,3-Oct-18,0.89,131.47,1.15
10/4/2018,4-Oct-18,0.89,131.31,1.15
10/5/2018,5-Oct-18,0.88,131.03,1.15
10/8/2018,8-Oct-18,0.88,130.11,1.15
10/9/2018,9-Oct-18,0.88,129.45,1.14
10/10/2018,10-Oct-18,0.87,130.23,1.15
10/11/2018,11-Oct-18,0.87,130,1.16
10/12/2018,12-Oct-18,0.88,129.99,1.16
10/15/2018,15-Oct-18,0.88,129.53,1.16
10/16/2018,16-Oct-18,0.88,129.92,1.16
10/17/2018,17-Oct-18,0.88,129.43,1.15
10/18/2018,18-Oct-18,0.88,129.44,1.15
10/19/2018,19-Oct-18,0.88,129.05,1.15
10/22/2018,22-Oct-18,0.88,129.63,1.15
10/23/2018,23-Oct-18,0.88,128.76,1.15
10/24/2018,24-Oct-18,0.88,128.37,1.14
10/25/2018,25-Oct-18,0.89,128.27,1.14
10/26/2018,26-Oct-18,0.89,127.13,1.13
10/29/2018,29-Oct-18,0.89,127.92,1.14
10/30/2018,30-Oct-18,0.89,128.28,1.14
10/31/2018,31-Oct-18,0.89,128.15,1.13
11/1/2018,1-Nov-18,0.88,128.52,1.14
11/2/2018,2-Nov-18,0.88,128.89,1.14
11/5/2018,5-Nov-18,0.88,128.81,1.14
11/6/2018,6-Nov-18,0.87,129.31,1.14
11/7/2018,7-Nov-18,0.87,130.02,1.15
11/8/2018,8-Nov-18,0.87,129.9,1.14
11/9/2018,9-Nov-18,0.87,129.26,1.13
11/12/2018,12-Nov-18,0.88,128.2,1.13
11/13/2018,13-Nov-18,0.87,128.32,1.13
11/14/2018,14-Nov-18,0.87,128.64,1.13
11/15/2018,15-Nov-18,0.88,128.16,1.13
11/16/2018,16-Nov-18,0.88,128.37,1.13
11/19/2018,19-Nov-18,0.89,128.89,1.14
11/20/2018,20-Nov-18,0.89,128.34,1.14
11/21/2018,21-Nov-18,0.89,129.04,1.14
11/22/2018,22-Nov-18,0.89,128.8,1.14
11/23/2018,23-Nov-18,0.88,128.07,1.14
11/26/2018,26-Nov-18,0.88,128.7,1.14
11/27/2018,27-Nov-18,0.89,128.66,1.13
11/28/2018,28-Nov-18,0.88,128.47,1.13
11/29/2018,29-Nov-18,0.89,128.99,1.14
11/30/2018,30-Nov-18,0.89,128.99,1.14
12/3/2018,3-Dec-18,0.89,128.7,1.13
12/4/2018,4-Dec-18,0.89,128.68,1.14
12/5/2018,5-Dec-18,0.89,128.31,1.14
12/6/2018,6-Dec-18,0.89,128.04,1.14
12/7/2018,7-Dec-18,0.89,128.36,1.14
12/10/2018,10-Dec-18,0.9,128.79,1.14
12/11/2018,11-Dec-18,0.9,128.75,1.14
12/12/2018,12-Dec-18,0.9,128.67,1.13
12/13/2018,13-Dec-18,0.9,129.06,1.14
12/14/2018,14-Dec-18,0.9,128.13,1.13
12/17/2018,17-Dec-18,0.9,128.44,1.13
12/18/2018,18-Dec-18,0.9,127.86,1.14
12/19/2018,19-Dec-18,0.9,128.11,1.14
12/20/2018,20-Dec-18,0.9,127.94,1.15
12/21/2018,21-Dec-18,0.9,126.98,1.14
12/24/2018,24-Dec-18,0.9,126.47,1.14
12/27/2018,27-Dec-18,0.9,126.14,1.14
12/28/2018,28-Dec-18,0.9,126.4,1.15
12/31/2018,31-Dec-18,0.89,125.85,1.15
1/2/2019,2-Jan-19,0.9,124.28,1.14
1/3/2019,3-Jan-19,0.9,122.21,1.13
1/4/2019,4-Jan-19,0.9,123.2,1.14
1/7/2019,7-Jan-19,0.9,123.9,1.14
1/8/2019,8-Jan-19,0.9,124.46,1.14
1/9/2019,9-Jan-19,0.9,124.7,1.15
1/10/2019,10-Jan-19,0.9,124.7,1.15
1/11/2019,11-Jan-19,0.9,124.91,1.15
1/14/2019,14-Jan-19,0.89,123.93,1.15
1/15/2019,15-Jan-19,0.89,124.02,1.14
1/16/2019,16-Jan-19,0.89,123.91,1.14
1/17/2019,17-Jan-19,0.88,123.95,1.14
1/18/2019,18-Jan-19,0.88,124.78,1.14
1/21/2019,21-Jan-19,0.88,124.6,1.14
1/22/2019,22-Jan-19,0.88,124.25,1.14
1/23/2019,23-Jan-19,0.87,124.7,1.14
1/24/2019,24-Jan-19,0.87,124.43,1.13
1/25/2019,25-Jan-19,0.87,124.72,1.13
1/28/2019,28-Jan-19,0.87,124.94,1.14
1/29/2019,29-Jan-19,0.87,125.03,1.14
1/30/2019,30-Jan-19,0.87,125.08,1.14
1/31/2019,31-Jan-19,0.88,124.81,1.15
2/1/2019,1-Feb-19,0.88,124.91,1.15
2/4/2019,4-Feb-19,0.88,125.77,1.14
2/5/2019,5-Feb-19,0.88,125.59,1.14
2/6/2019,6-Feb-19,0.88,125.05,1.14
2/7/2019,7-Feb-19,0.88,124.41,1.13
2/8/2019,8-Feb-19,0.87,124.57,1.13
2/11/2019,11-Feb-19,0.88,124.63,1.13
2/12/2019,12-Feb-19,0.88,124.7,1.13
2/13/2019,13-Feb-19,0.88,125.19,1.13
2/14/2019,14-Feb-19,0.88,125.12,1.13
2/15/2019,15-Feb-19,0.88,124.45,1.13
2/18/2019,18-Feb-19,0.88,125.23,1.13
2/19/2019,19-Feb-19,0.87,125.09,1.13
2/20/2019,20-Feb-19,0.87,125.61,1.13
2/21/2019,21-Feb-19,0.87,125.7,1.14
2/22/2019,22-Feb-19,0.87,125.56,1.13
2/25/2019,25-Feb-19,0.87,125.75,1.14
2/26/2019,26-Feb-19,0.86,125.93,1.14
2/27/2019,27-Feb-19,0.86,125.9,1.14
2/28/2019,28-Feb-19,0.86,126.44,1.14
3/1/2019,1-Mar-19,0.86,127.35,1.14
3/4/2019,4-Mar-19,0.86,126.91,1.13
3/5/2019,5-Mar-19,0.86,126.8,1.13
3/6/2019,6-Mar-19,0.86,126.4,1.13
3/7/2019,7-Mar-19,0.86,125.97,1.13
3/8/2019,8-Mar-19,0.86,124.72,1.12
3/11/2019,11-Mar-19,0.86,124.91,1.12
3/12/2019,12-Mar-19,0.86,125.27,1.13
3/13/2019,13-Mar-19,0.86,125.89,1.13
3/14/2019,14-Mar-19,0.85,126.09,1.13
3/15/2019,15-Mar-19,0.85,126.16,1.13
3/18/2019,18-Mar-19,0.86,126.54,1.13
3/19/2019,19-Mar-19,0.86,126.59,1.14
3/20/2019,20-Mar-19,0.86,126.63,1.14
3/21/2019,21-Mar-19,0.87,125.92,1.14
3/22/2019,22-Mar-19,0.86,124.6,1.13
3/25/2019,25-Mar-19,0.86,124.65,1.13
3/26/2019,26-Mar-19,0.85,124.72,1.13
3/27/2019,27-Mar-19,0.85,124.42,1.13
3/28/2019,28-Mar-19,0.86,124.16,1.12
3/29/2019,29-Mar-19,0.86,124.45,1.12
4/1/2019,1-Apr-19,0.86,124.68,1.12
4/2/2019,2-Apr-19,0.86,124.73,1.12
4/3/2019,3-Apr-19,0.85,125.3,1.12
4/4/2019,4-Apr-19,0.85,125.01,1.12
4/5/2019,5-Apr-19,0.86,125.44,1.12
4/8/2019,8-Apr-19,0.86,125.36,1.12
4/9/2019,9-Apr-19,0.86,125.51,1.13
4/10/2019,10-Apr-19,0.86,125.38,1.13
4/11/2019,11-Apr-19,0.86,125.3,1.13
4/12/2019,12-Apr-19,0.86,126.76,1.13
4/15/2019,15-Apr-19,0.86,126.66,1.13
4/16/2019,16-Apr-19,0.86,126.59,1.13
4/17/2019,17-Apr-19,0.87,126.51,1.13
4/18/2019,18-Apr-19,0.86,125.86,1.13
4/23/2019,23-Apr-19,0.86,125.82,1.12
4/24/2019,24-Apr-19,0.87,125.34,1.12
4/25/2019,25-Apr-19,0.86,124.45,1.11
4/26/2019,26-Apr-19,0.86,124.45,1.11
4/29/2019,29-Apr-19,0.86,124.64,1.12
4/30/2019,30-Apr-19,0.86,124.93,1.12
5/2/2019,2-May-19,0.86,125.01,1.12
5/3/2019,3-May-19,0.86,124.4,1.12
5/6/2019,6-May-19,0.85,124.13,1.12
5/7/2019,7-May-19,0.86,123.73,1.12
5/8/2019,8-May-19,0.86,123.31,1.12
5/9/2019,9-May-19,0.86,122.91,1.12
5/10/2019,10-May-19,0.86,123.25,1.12
5/13/2019,13-May-19,0.86,123.06,1.12
5/14/2019,14-May-19,0.87,123,1.12
5/15/2019,15-May-19,0.87,122.24,1.12
5/16/2019,16-May-19,0.87,122.81,1.12
5/17/2019,17-May-19,0.88,122.34,1.12
5/20/2019,20-May-19,0.88,122.67,1.12
5/21/2019,21-May-19,0.88,123.27,1.12
5/22/2019,22-May-19,0.88,123.27,1.12
5/23/2019,23-May-19,0.88,122.56,1.11
5/24/2019,24-May-19,0.88,122.61,1.12
5/27/2019,27-May-19,0.88,122.56,1.12
5/28/2019,28-May-19,0.88,122.45,1.12
5/29/2019,29-May-19,0.88,121.91,1.12
5/30/2019,30-May-19,0.88,122.1,1.11
5/31/2019,31-May-19,0.89,121.27,1.12
6/3/2019,3-Jun-19,0.89,121.17,1.12
6/4/2019,4-Jun-19,0.89,121.62,1.12
6/5/2019,5-Jun-19,0.89,121.96,1.13
6/6/2019,6-Jun-19,0.89,121.82,1.13
6/7/2019,7-Jun-19,0.89,122.27,1.13
6/10/2019,10-Jun-19,0.89,122.78,1.13
6/11/2019,11-Jun-19,0.89,123.09,1.13
6/12/2019,12-Jun-19,0.89,122.72,1.13
6/13/2019,13-Jun-19,0.89,122.44,1.13
6/14/2019,14-Jun-19,0.89,121.9,1.13
6/17/2019,17-Jun-19,0.89,122.06,1.12
6/18/2019,18-Jun-19,0.89,121.08,1.12
6/19/2019,19-Jun-19,0.89,121.49,1.12
6/20/2019,20-Jun-19,0.89,121.71,1.13
6/21/2019,21-Jun-19,0.89,121.64,1.13
6/24/2019,24-Jun-19,0.89,122.25,1.14
6/25/2019,25-Jun-19,0.89,121.97,1.14
6/26/2019,26-Jun-19,0.9,122.4,1.14
6/27/2019,27-Jun-19,0.89,122.64,1.14
6/28/2019,28-Jun-19,0.9,122.6,1.14
7/1/2019,1-Jul-19,0.9,122.93,1.13
7/2/2019,2-Jul-19,0.89,122.36,1.13
7/3/2019,3-Jul-19,0.9,121.61,1.13
7/4/2019,4-Jul-19,0.9,121.65,1.13
7/5/2019,5-Jul-19,0.9,121.77,1.13
7/8/2019,8-Jul-19,0.9,121.8,1.12
7/9/2019,9-Jul-19,0.9,121.93,1.12
7/10/2019,10-Jul-19,0.9,122.2,1.12
7/11/2019,11-Jul-19,0.9,121.94,1.13
7/12/2019,12-Jul-19,0.9,121.83,1.13
7/15/2019,15-Jul-19,0.9,121.62,1.13
7/16/2019,16-Jul-19,0.9,121.13,1.12
7/17/2019,17-Jul-19,0.9,121.42,1.12
7/18/2019,18-Jul-19,0.9,120.89,1.12
7/19/2019,19-Jul-19,0.9,120.93,1.12
7/22/2019,22-Jul-19,0.9,121.03,1.12
7/23/2019,23-Jul-19,0.9,120.82,1.12
7/24/2019,24-Jul-19,0.89,120.41,1.11
7/25/2019,25-Jul-19,0.89,120.15,1.11
7/26/2019,26-Jul-19,0.9,121.06,1.11
7/29/2019,29-Jul-19,0.9,120.81,1.11
7/30/2019,30-Jul-19,0.92,121,1.12
7/31/2019,31-Jul-19,0.92,121.04,1.12
8/1/2019,1-Aug-19,0.91,120.18,1.1
8/2/2019,2-Aug-19,0.92,118.57,1.11
8/5/2019,5-Aug-19,0.92,118.61,1.12
8/6/2019,6-Aug-19,0.92,119.1,1.12
8/7/2019,7-Aug-19,0.92,118.48,1.12
8/8/2019,8-Aug-19,0.92,118.64,1.12
8/9/2019,9-Aug-19,0.93,118.51,1.12
8/12/2019,12-Aug-19,0.93,117.69,1.12
8/13/2019,13-Aug-19,0.93,118.01,1.12
8/14/2019,14-Aug-19,0.93,118.48,1.12
8/15/2019,15-Aug-19,0.92,118.37,1.12
8/16/2019,16-Aug-19,0.91,117.77,1.11
8/19/2019,19-Aug-19,0.92,118.34,1.11
8/20/2019,20-Aug-19,0.92,117.79,1.11
8/21/2019,21-Aug-19,0.92,118.24,1.11
8/22/2019,22-Aug-19,0.91,118.13,1.11
8/23/2019,23-Aug-19,0.9,117.79,1.11
8/26/2019,26-Aug-19,0.91,117.67,1.11
8/27/2019,27-Aug-19,0.9,117.43,1.11
8/28/2019,28-Aug-19,0.91,117.18,1.11
8/29/2019,29-Aug-19,0.91,117.68,1.11
8/30/2019,30-Aug-19,0.91,117.28,1.1
9/2/2019,2-Sep-19,0.91,116.66,1.1
9/3/2019,3-Sep-19,0.91,116.05,1.09
9/4/2019,4-Sep-19,0.9,117.03,1.1
9/5/2019,5-Sep-19,0.9,117.97,1.11
9/6/2019,6-Sep-19,0.9,118.01,1.1
9/9/2019,9-Sep-19,0.89,118.01,1.1
9/10/2019,10-Sep-19,0.89,118.52,1.1
9/11/2019,11-Sep-19,0.89,118.51,1.1
9/12/2019,12-Sep-19,0.89,118.14,1.1
9/13/2019,13-Sep-19,0.89,119.83,1.11
9/16/2019,16-Sep-19,0.89,118.96,1.1
9/17/2019,17-Sep-19,0.89,119.23,1.1
9/18/2019,18-Sep-19,0.89,119.54,1.11
9/19/2019,19-Sep-19,0.89,119.46,1.11
9/20/2019,20-Sep-19,0.88,119.11,1.1
9/23/2019,23-Sep-19,0.88,118.07,1.1
9/24/2019,24-Sep-19,0.88,118.45,1.1
9/25/2019,25-Sep-19,0.89,118,1.1
9/26/2019,26-Sep-19,0.89,117.73,1.09
9/27/2019,27-Sep-19,0.89,118.21,1.09
9/30/2019,30-Sep-19,0.89,117.59,1.09
10/1/2019,1-Oct-19,0.89,118,1.09
10/2/2019,2-Oct-19,0.89,117.47,1.09
10/3/2019,3-Oct-19,0.89,117.17,1.1
10/4/2019,4-Oct-19,0.89,117.23,1.1
10/7/2019,7-Oct-19,0.89,117.44,1.1
10/8/2019,8-Oct-19,0.9,117.43,1.1
10/9/2019,9-Oct-19,0.9,117.91,1.1
10/10/2019,10-Oct-19,0.9,118.52,1.1
10/11/2019,11-Oct-19,0.88,119.75,1.1
10/14/2019,14-Oct-19,0.88,119.4,1.1
10/15/2019,15-Oct-19,0.87,119.23,1.1
10/16/2019,16-Oct-19,0.87,119.9,1.1
10/17/2019,17-Oct-19,0.87,120.81,1.11
10/18/2019,18-Oct-19,0.86,120.97,1.11
10/21/2019,21-Oct-19,0.86,121.29,1.12
10/22/2019,22-Oct-19,0.86,120.87,1.11
10/23/2019,23-Oct-19,0.86,120.63,1.11
10/24/2019,24-Oct-19,0.86,120.86,1.11
10/25/2019,25-Oct-19,0.87,120.59,1.11
10/28/2019,28-Oct-19,0.86,120.69,1.11
10/29/2019,29-Oct-19,0.86,120.88,1.11
10/30/2019,30-Oct-19,0.86,120.99,1.11
10/31/2019,31-Oct-19,0.86,120.73,1.12
11/1/2019,1-Nov-19,0.86,120.43,1.11
11/4/2019,4-Nov-19,0.86,120.93,1.12
11/5/2019,5-Nov-19,0.86,120.93,1.11
11/6/2019,6-Nov-19,0.86,120.88,1.11
11/7/2019,7-Nov-19,0.86,120.9,1.11
11/8/2019,8-Nov-19,0.86,120.72,1.1
11/11/2019,11-Nov-19,0.86,120.29,1.1
11/12/2019,12-Nov-19,0.86,120.24,1.1
11/13/2019,13-Nov-19,0.86,119.79,1.1
11/14/2019,14-Nov-19,0.86,119.49,1.1
11/15/2019,15-Nov-19,0.86,119.95,1.1
11/18/2019,18-Nov-19,0.85,120.55,1.11
11/19/2019,19-Nov-19,0.86,120.46,1.11
11/20/2019,20-Nov-19,0.86,119.96,1.11
11/21/2019,21-Nov-19,0.86,120.46,1.11
11/22/2019,22-Nov-19,0.86,120.03,1.11
11/25/2019,25-Nov-19,0.86,119.88,1.1
11/26/2019,26-Nov-19,0.86,120.09,1.1
11/27/2019,27-Nov-19,0.85,120.18,1.1
11/28/2019,28-Nov-19,0.85,120.5,1.1
11/29/2019,29-Nov-19,0.85,120.43,1.1
12/2/2019,2-Dec-19,0.85,120.75,1.1
12/3/2019,3-Dec-19,0.85,120.39,1.11
12/4/2019,4-Dec-19,0.85,120.45,1.11
12/5/2019,5-Dec-19,0.84,120.69,1.11
12/6/2019,6-Dec-19,0.84,120.44,1.11
12/9/2019,9-Dec-19,0.84,120.15,1.11
12/10/2019,10-Dec-19,0.84,120.27,1.11
12/11/2019,11-Dec-19,0.84,120.44,1.11
12/12/2019,12-Dec-19,0.85,120.95,1.11
12/13/2019,13-Dec-19,0.84,122.43,1.12
12/16/2019,16-Dec-19,0.83,121.97,1.11
12/17/2019,17-Dec-19,0.85,122.31,1.12
12/18/2019,18-Dec-19,0.85,121.81,1.11
12/19/2019,19-Dec-19,0.85,121.73,1.11
12/20/2019,20-Dec-19,0.85,121.31,1.11
12/23/2019,23-Dec-19,0.86,121.18,1.11
12/24/2019,24-Dec-19,0.86,121.19,1.11
12/27/2019,27-Dec-19,0.85,122.23,1.12
12/30/2019,30-Dec-19,0.85,122.19,1.12
12/31/2019,31-Dec-19,0.85,121.94,1.12
1/2/2020,2-Jan-20,0.85,121.75,1.12
1/3/2020,3-Jan-20,0.85,120.54,1.11
1/6/2020,6-Jan-20,0.85,121.02,1.12
1/7/2020,7-Jan-20,0.85,121.15,1.12
1/8/2020,8-Jan-20,0.85,120.86,1.11
1/9/2020,9-Jan-20,0.85,121.54,1.11
1/10/2020,10-Jan-20,0.85,121.6,1.11
1/13/2020,13-Jan-20,0.86,122.25,1.11
1/14/2020,14-Jan-20,0.86,122.32,1.11
1/15/2020,15-Jan-20,0.86,122.43,1.11
1/16/2020,16-Jan-20,0.85,122.8,1.12
1/17/2020,17-Jan-20,0.85,122.31,1.11
1/20/2020,20-Jan-20,0.85,122.14,1.11
1/21/2020,21-Jan-20,0.85,122.31,1.11
1/22/2020,22-Jan-20,0.84,121.93,1.11
1/23/2020,23-Jan-20,0.84,121.5,1.11
1/24/2020,24-Jan-20,0.84,120.96,1.1
1/27/2020,27-Jan-20,0.84,120.11,1.1
1/28/2020,28-Jan-20,0.85,120.02,1.1
1/29/2020,29-Jan-20,0.85,120.06,1.1
1/30/2020,30-Jan-20,0.84,120.03,1.1
1/31/2020,31-Jan-20,0.84,120.35,1.11
2/3/2020,3-Feb-20,0.85,120.1,1.11
2/4/2020,4-Feb-20,0.85,120.52,1.1
2/5/2020,5-Feb-20,0.84,120.94,1.1
2/6/2020,6-Feb-20,0.85,120.87,1.1
2/7/2020,7-Feb-20,0.85,120.51,1.1
2/10/2020,10-Feb-20,0.85,120.18,1.1
2/11/2020,11-Feb-20,0.84,119.73,1.09
2/12/2020,12-Feb-20,0.84,120.03,1.09
2/13/2020,13-Feb-20,0.83,119.21,1.09
2/14/2020,14-Feb-20,0.83,119.11,1.08
2/17/2020,17-Feb-20,0.83,119.05,1.08
2/18/2020,18-Feb-20,0.83,118.7,1.08
2/19/2020,19-Feb-20,0.83,119.35,1.08
2/20/2020,20-Feb-20,0.84,120.86,1.08
2/21/2020,21-Feb-20,0.84,120.96,1.08
2/24/2020,24-Feb-20,0.84,120.52,1.08
2/25/2020,25-Feb-20,0.84,119.92,1.08
2/26/2020,26-Feb-20,0.84,120.13,1.09
2/27/2020,27-Feb-20,0.85,120.46,1.1
2/28/2020,28-Feb-20,0.85,119.36,1.1
3/2/2020,2-Mar-20,0.87,119.82,1.11
3/3/2020,3-Mar-20,0.87,119.77,1.11
3/4/2020,4-Mar-20,0.87,119.58,1.11
3/5/2020,5-Mar-20,0.87,119.63,1.12
3/6/2020,6-Mar-20,0.87,119.08,1.13
3/9/2020,9-Mar-20,0.87,117.12,1.15
3/10/2020,10-Mar-20,0.87,118.65,1.14
3/11/2020,11-Mar-20,0.88,118.55,1.13
3/12/2020,12-Mar-20,0.89,116.84,1.12
3/13/2020,13-Mar-20,0.89,119.11,1.11
3/16/2020,16-Mar-20,0.91,117.76,1.12
3/17/2020,17-Mar-20,0.91,117.5,1.1
3/18/2020,18-Mar-20,0.92,117.78,1.09
3/19/2020,19-Mar-20,0.93,118.63,1.08
3/20/2020,20-Mar-20,0.91,118.37,1.07
3/23/2020,23-Mar-20,0.93,119.11,1.08
3/24/2020,24-Mar-20,0.92,119.99,1.08
3/25/2020,25-Mar-20,0.92,120.67,1.08
3/26/2020,26-Mar-20,0.91,120.18,1.1
3/27/2020,27-Mar-20,0.9,119.36,1.1
3/30/2020,30-Mar-20,0.89,119.34,1.1
3/31/2020,31-Mar-20,0.89,118.9,1.1
4/1/2020,1-Apr-20,0.88,117.55,1.09
4/2/2020,2-Apr-20,0.88,117.06,1.09
4/3/2020,3-Apr-20,0.88,117.1,1.08
4/6/2020,6-Apr-20,0.88,117.54,1.08
4/7/2020,7-Apr-20,0.88,118.55,1.09
4/8/2020,8-Apr-20,0.88,118.36,1.09
4/9/2020,9-Apr-20,0.88,118.33,1.09
4/14/2020,14-Apr-20,0.87,117.66,1.1
4/15/2020,15-Apr-20,0.87,117.12,1.09
4/16/2020,16-Apr-20,0.87,117.12,1.09
4/17/2020,17-Apr-20,0.87,116.86,1.09
4/20/2020,20-Apr-20,0.87,117.11,1.09
4/21/2020,21-Apr-20,0.88,116.39,1.08
4/22/2020,22-Apr-20,0.88,117.01,1.09
4/23/2020,23-Apr-20,0.87,115.75,1.08
4/24/2020,24-Apr-20,0.87,116.22,1.08
4/27/2020,27-Apr-20,0.87,116.22,1.09
4/28/2020,28-Apr-20,0.87,116.06,1.09
4/29/2020,29-Apr-20,0.87,115.52,1.08
4/30/2020,30-Apr-20,0.87,115.87,1.09
5/4/2020,4-May-20,0.88,116.84,1.09
5/5/2020,5-May-20,0.87,115.71,1.08
5/6/2020,6-May-20,0.87,114.65,1.08
5/7/2020,7-May-20,0.87,114.91,1.08
5/8/2020,8-May-20,0.88,115.34,1.08
5/11/2020,11-May-20,0.88,116.16,1.08
5/12/2020,12-May-20,0.88,116.56,1.09
5/13/2020,13-May-20,0.88,116.28,1.09
5/14/2020,14-May-20,0.88,115.48,1.08
5/15/2020,15-May-20,0.89,115.53,1.08
5/18/2020,18-May-20,0.89,116.31,1.08
5/19/2020,19-May-20,0.9,118,1.1
5/20/2020,20-May-20,0.89,117.95,1.1
5/21/2020,21-May-20,0.9,118.42,1.1
5/22/2020,22-May-20,0.9,117.26,1.09
5/25/2020,25-May-20,0.9,117.47,1.09
5/26/2020,26-May-20,0.89,117.92,1.1
5/27/2020,27-May-20,0.9,118.58,1.1
5/28/2020,28-May-20,0.9,118.68,1.1
5/29/2020,29-May-20,0.9,119.29,1.11
6/1/2020,1-Jun-20,0.9,119.75,1.11
6/2/2020,2-Jun-20,0.89,120.83,1.12
6/3/2020,3-Jun-20,0.89,121.54,1.12
6/4/2020,4-Jun-20,0.9,122.48,1.13
6/5/2020,5-Jun-20,0.89,123.77,1.13
6/8/2020,8-Jun-20,0.89,123.41,1.13
6/9/2020,9-Jun-20,0.89,122.14,1.13
6/10/2020,10-Jun-20,0.89,122.16,1.14
6/11/2020,11-Jun-20,0.9,121.52,1.13
6/12/2020,12-Jun-20,0.9,121.26,1.13
6/15/2020,15-Jun-20,0.9,120.83,1.13
6/16/2020,16-Jun-20,0.89,121.39,1.13
6/17/2020,17-Jun-20,0.89,120.65,1.12
6/18/2020,18-Jun-20,0.9,120,1.12
6/19/2020,19-Jun-20,0.91,119.77,1.12
6/22/2020,22-Jun-20,0.9,119.89,1.12
6/23/2020,23-Jun-20,0.91,121.05,1.13
6/24/2020,24-Jun-20,0.9,120.3,1.13
6/25/2020,25-Jun-20,0.9,120.25,1.12
6/26/2020,26-Jun-20,0.91,119.93,1.12
6/29/2020,29-Jun-20,0.92,121.07,1.13
6/30/2020,30-Jun-20,0.91,120.66,1.12
7/1/2020,1-Jul-20,0.9,120.31,1.12
7/2/2020,2-Jul-20,0.9,121.24,1.13
7/3/2020,3-Jul-20,0.9,120.68,1.12
7/6/2020,6-Jul-20,0.91,121.78,1.13
7/7/2020,7-Jul-20,0.9,121.61,1.13
7/8/2020,8-Jul-20,0.9,121.39,1.13
7/9/2020,9-Jul-20,0.9,121.67,1.13
7/10/2020,10-Jul-20,0.9,120.48,1.13
7/13/2020,13-Jul-20,0.9,121.4,1.13
7/14/2020,14-Jul-20,0.91,122.17,1.14
7/15/2020,15-Jul-20,0.91,122.25,1.14
7/16/2020,16-Jul-20,0.91,122.24,1.14
7/17/2020,17-Jul-20,0.91,122.53,1.14
7/20/2020,20-Jul-20,0.91,122.63,1.14
7/21/2020,21-Jul-20,0.9,122.7,1.14
7/22/2020,22-Jul-20,0.91,123.94,1.16
7/23/2020,23-Jul-20,0.91,123.98,1.16
7/24/2020,24-Jul-20,0.91,123.36,1.16
7/27/2020,27-Jul-20,0.91,123.88,1.18
7/28/2020,28-Jul-20,0.91,123.34,1.17
7/29/2020,29-Jul-20,0.9,123.28,1.17
7/30/2020,30-Jul-20,0.9,123.58,1.17
7/31/2020,31-Jul-20,0.9,124.31,1.18
8/3/2020,3-Aug-20,0.9,124.51,1.17
8/4/2020,4-Aug-20,0.9,124.78,1.18
8/5/2020,5-Aug-20,0.9,125.37,1.19
8/6/2020,6-Aug-20,0.9,124.96,1.18
8/7/2020,7-Aug-20,0.9,124.91,1.18
8/10/2020,10-Aug-20,0.9,124.74,1.18
8/11/2020,11-Aug-20,0.9,124.97,1.18
8/12/2020,12-Aug-20,0.9,125.92,1.18
8/13/2020,13-Aug-20,0.9,126.58,1.18
8/14/2020,14-Aug-20,0.9,126.01,1.18
8/17/2020,17-Aug-20,0.91,125.99,1.19
8/18/2020,18-Aug-20,0.9,125.54,1.19
8/19/2020,19-Aug-20,0.9,125.74,1.19
8/20/2020,20-Aug-20,0.9,125.46,1.19
8/21/2020,21-Aug-20,0.9,124.53,1.18
8/24/2020,24-Aug-20,0.9,125.26,1.18
8/25/2020,25-Aug-20,0.9,125.67,1.18
8/26/2020,26-Aug-20,0.9,125.34,1.18
8/27/2020,27-Aug-20,0.9,125.34,1.18
8/28/2020,28-Aug-20,0.89,125.39,1.19
8/31/2020,31-Aug-20,0.9,126.47,1.19
9/1/2020,1-Sep-20,0.89,126.92,1.2
9/2/2020,2-Sep-20,0.89,126,1.19
9/3/2020,3-Sep-20,0.89,125.85,1.18
9/4/2020,4-Sep-20,0.89,125.79,1.18
9/7/2020,7-Sep-20,0.9,125.59,1.18
9/8/2020,8-Sep-20,0.9,125.2,1.18
9/9/2020,9-Sep-20,0.91,125.05,1.18
9/10/2020,10-Sep-20,0.92,125.76,1.18
9/11/2020,11-Sep-20,0.92,125.82,1.19
9/14/2020,14-Sep-20,0.92,125.82,1.19
9/15/2020,15-Sep-20,0.92,125.39,1.19
9/16/2020,16-Sep-20,0.91,124.72,1.19
9/17/2020,17-Sep-20,0.92,123.38,1.18
9/18/2020,18-Sep-20,0.91,123.49,1.18
9/21/2020,21-Sep-20,0.92,122.7,1.18
9/22/2020,22-Sep-20,0.92,122.78,1.17
9/23/2020,23-Sep-20,0.92,122.91,1.17
9/24/2020,24-Sep-20,0.91,122.73,1.16
9/25/2020,25-Sep-20,0.91,122.74,1.16
9/28/2020,28-Sep-20,0.91,123.02,1.17
9/29/2020,29-Sep-20,0.91,123.61,1.17
9/30/2020,30-Sep-20,0.91,123.76,1.17
10/1/2020,1-Oct-20,0.91,123.98,1.18
10/2/2020,2-Oct-20,0.91,123.4,1.17
10/5/2020,5-Oct-20,0.91,124.25,1.18
10/6/2020,6-Oct-20,0.91,124.58,1.18
10/7/2020,7-Oct-20,0.91,124.73,1.18
10/8/2020,8-Oct-20,0.91,124.69,1.18
10/9/2020,9-Oct-20,0.91,124.95,1.18
10/12/2020,12-Oct-20,0.91,124.41,1.18
10/13/2020,13-Oct-20,0.91,124.38,1.18
10/14/2020,14-Oct-20,0.9,123.7,1.18
10/15/2020,15-Oct-20,0.91,123.15,1.17
10/16/2020,16-Oct-20,0.91,123.59,1.17
10/19/2020,19-Oct-20,0.91,124.11,1.18
10/20/2020,20-Oct-20,0.91,124.79,1.18
10/21/2020,21-Oct-20,0.91,124.27,1.19
10/22/2020,22-Oct-20,0.9,123.72,1.18
10/23/2020,23-Oct-20,0.91,124.17,1.19
10/26/2020,26-Oct-20,0.91,124.14,1.18
10/27/2020,27-Oct-20,0.91,123.74,1.18
10/28/2020,28-Oct-20,0.91,122.36,1.17
10/29/2020,29-Oct-20,0.9,122.09,1.17
10/30/2020,30-Oct-20,0.9,122.36,1.17
11/2/2020,2-Nov-20,0.9,121.93,1.17
11/3/2020,3-Nov-20,0.9,122.56,1.17
11/4/2020,4-Nov-20,0.9,122.31,1.17
11/5/2020,5-Nov-20,0.9,122.86,1.19
11/6/2020,6-Nov-20,0.9,122.66,1.19
11/9/2020,9-Nov-20,0.9,124.67,1.19
11/10/2020,10-Nov-20,0.89,124.36,1.18
11/11/2020,11-Nov-20,0.89,124.07,1.18
11/12/2020,12-Nov-20,0.9,124.25,1.18
11/13/2020,13-Nov-20,0.9,123.88,1.18
11/16/2020,16-Nov-20,0.9,124.15,1.18
11/17/2020,17-Nov-20,0.9,123.78,1.19
11/18/2020,18-Nov-20,0.89,123.28,1.19
11/19/2020,19-Nov-20,0.89,123.08,1.18
11/20/2020,20-Nov-20,0.89,123.18,1.19
11/23/2020,23-Nov-20,0.89,123.47,1.19
11/24/2020,24-Nov-20,0.89,124.06,1.19
11/25/2020,25-Nov-20,0.89,124.19,1.19
11/26/2020,26-Nov-20,0.89,124.04,1.19
11/27/2020,27-Nov-20,0.89,124.23,1.19
11/30/2020,30-Nov-20,0.9,124.79,1.2
12/1/2020,1-Dec-20,0.9,124.92,1.2
12/2/2020,2-Dec-20,0.9,126.13,1.21
12/3/2020,3-Dec-20,0.9,126.49,1.22
12/4/2020,4-Dec-20,0.9,126.44,1.22
12/7/2020,7-Dec-20,0.91,126.3,1.21
12/8/2020,8-Dec-20,0.91,126.18,1.21
12/9/2020,9-Dec-20,0.9,126.05,1.21
12/10/2020,10-Dec-20,0.91,126.53,1.21
12/11/2020,11-Dec-20,0.92,126.28,1.21
12/14/2020,14-Dec-20,0.91,126.11,1.22
12/15/2020,15-Dec-20,0.91,126.08,1.21
12/16/2020,16-Dec-20,0.9,125.97,1.22
12/17/2020,17-Dec-20,0.9,126.19,1.22
12/18/2020,18-Dec-20,0.91,126.69,1.23
12/21/2020,21-Dec-20,0.92,126.04,1.22
12/22/2020,22-Dec-20,0.91,126.52,1.22
12/23/2020,23-Dec-20,0.91,125.99,1.22
12/24/2020,24-Dec-20,0.9,126.38,1.22
12/28/2020,28-Dec-20,0.9,126.54,1.22
12/29/2020,29-Dec-20,0.91,127.23,1.23
12/30/2020,30-Dec-20,0.9,126.57,1.23
12/31/2020,31-Dec-20,0.9,126.49,1.23
1/4/2021,4-Jan-21,0.9,126.62,1.23
1/5/2021,5-Jan-21,0.9,126.25,1.23
1/6/2021,6-Jan-21,0.91,127.03,1.23
1/7/2021,7-Jan-21,0.9,127.13,1.23
1/8/2021,8-Jan-21,0.9,127.26,1.23
1/11/2021,11-Jan-21,0.9,126.76,1.22
1/12/2021,12-Jan-21,0.89,126.74,1.22
1/13/2021,13-Jan-21,0.89,126.44,1.22
1/14/2021,14-Jan-21,0.89,126.21,1.21
1/15/2021,15-Jan-21,0.89,125.74,1.21
1/18/2021,18-Jan-21,0.89,125.18,1.21
1/19/2021,19-Jan-21,0.89,126.16,1.21
1/20/2021,20-Jan-21,0.89,125.62,1.21
1/21/2021,21-Jan-21,0.89,125.72,1.22
1/22/2021,22-Jan-21,0.89,126.19,1.22
1/25/2021,25-Jan-21,0.89,126.06,1.22
1/26/2021,26-Jan-21,0.89,125.93,1.21
1/27/2021,27-Jan-21,0.88,125.87,1.21
1/28/2021,28-Jan-21,0.89,126.2,1.21
1/29/2021,29-Jan-21,0.88,127.05,1.21
2/1/2021,1-Feb-21,0.88,126.77,1.21
2/2/2021,2-Feb-21,0.88,126.46,1.2
2/3/2021,3-Feb-21,0.88,126.25,1.2
2/4/2021,4-Feb-21,0.88,126.24,1.2
2/5/2021,5-Feb-21,0.88,126.72,1.2
2/8/2021,8-Feb-21,0.88,126.97,1.2
2/9/2021,9-Feb-21,0.88,126.58,1.21
2/10/2021,10-Feb-21,0.88,127.04,1.21
2/11/2021,11-Feb-21,0.88,127.12,1.21
2/12/2021,12-Feb-21,0.88,127.15,1.21
2/15/2021,15-Feb-21,0.87,127.72,1.21
2/16/2021,16-Feb-21,0.87,128.16,1.21
2/17/2021,17-Feb-21,0.87,127.94,1.21
2/18/2021,18-Feb-21,0.87,127.69,1.21
2/19/2021,19-Feb-21,0.87,127.81,1.21
2/22/2021,22-Feb-21,0.87,128,1.21
2/23/2021,23-Feb-21,0.86,127.98,1.21
2/24/2021,24-Feb-21,0.86,128.69,1.21
2/25/2021,25-Feb-21,0.86,129.73,1.22
2/26/2021,26-Feb-21,0.87,128.83,1.21
3/1/2021,1-Mar-21,0.87,128.63,1.21
3/2/2021,2-Mar-21,0.86,128.58,1.2
3/3/2021,3-Mar-21,0.86,128.81,1.2
3/4/2021,4-Mar-21,0.86,129.23,1.2
3/5/2021,5-Mar-21,0.86,129.3,1.19
3/8/2021,8-Mar-21,0.86,128.9,1.19
3/9/2021,9-Mar-21,0.86,129.5,1.19
3/10/2021,10-Mar-21,0.86,129.12,1.19
3/11/2021,11-Mar-21,0.86,129.82,1.2
3/12/2021,12-Mar-21,0.86,130.14,1.19
3/15/2021,15-Mar-21,0.86,130.17,1.19
3/16/2021,16-Mar-21,0.86,129.88,1.19
3/17/2021,17-Mar-21,0.86,130.02,1.19
3/18/2021,18-Mar-21,0.86,130.08,1.19
3/19/2021,19-Mar-21,0.86,129.54,1.19
3/22/2021,22-Mar-21,0.86,129.77,1.19
3/23/2021,23-Mar-21,0.86,128.99,1.19
3/24/2021,24-Mar-21,0.86,128.6,1.18
3/25/2021,25-Mar-21,0.86,128.75,1.18
3/26/2021,26-Mar-21,0.86,129.34,1.18
3/29/2021,29-Mar-21,0.85,129.19,1.18
3/30/2021,30-Mar-21,0.85,129.48,1.17
3/31/2021,31-Mar-21,0.85,129.91,1.17
4/1/2021,1-Apr-21,0.85,130.03,1.17
4/6/2021,6-Apr-21,0.85,130.27,1.18
4/7/2021,7-Apr-21,0.86,130.56,1.19
4/8/2021,8-Apr-21,0.86,129.71,1.19
4/9/2021,9-Apr-21,0.87,130.42,1.19
4/12/2021,12-Apr-21,0.87,130.2,1.19
4/13/2021,13-Apr-21,0.87,130.23,1.19
4/14/2021,14-Apr-21,0.87,130.33,1.2
4/15/2021,15-Apr-21,0.87,130.14,1.2
4/16/2021,16-Apr-21,0.87,130.37,1.2
4/19/2021,19-Apr-21,0.86,130.09,1.2
4/20/2021,20-Apr-21,0.86,130.64,1.21
4/21/2021,21-Apr-21,0.86,129.8,1.2
4/22/2021,22-Apr-21,0.87,130.3,1.2
4/23/2021,23-Apr-21,0.87,129.98,1.21
4/26/2021,26-Apr-21,0.87,130.54,1.21
4/27/2021,27-Apr-21,0.87,130.88,1.21
4/28/2021,28-Apr-21,0.87,131.47,1.21
4/29/2021,29-Apr-21,0.87,132.2,1.21
4/30/2021,30-Apr-21,0.87,131.62,1.21
5/3/2021,3-May-21,0.87,131.9,1.2
5/4/2021,4-May-21,0.87,131.26,1.2
5/5/2021,5-May-21,0.86,131.2,1.2
5/6/2021,6-May-21,0.87,131.69,1.21
5/7/2021,7-May-21,0.87,131.76,1.21
5/10/2021,10-May-21,0.86,132.31,1.22
5/11/2021,11-May-21,0.86,132.12,1.22
5/12/2021,12-May-21,0.86,131.82,1.21
5/13/2021,13-May-21,0.86,132.37,1.21
5/14/2021,14-May-21,0.86,132.49,1.21
5/17/2021,17-May-21,0.86,132.6,1.21
5/18/2021,18-May-21,0.86,133.09,1.22
5/19/2021,19-May-21,0.86,133.3,1.22
5/20/2021,20-May-21,0.86,132.95,1.22
5/21/2021,21-May-21,0.86,132.61,1.22
5/24/2021,24-May-21,0.86,132.97,1.22
5/25/2021,25-May-21,0.87,133.49,1.23
5/26/2021,26-May-21,0.86,133.16,1.22
5/27/2021,27-May-21,0.86,133.42,1.22
5/28/2021,28-May-21,0.86,133.65,1.21
5/31/2021,31-May-21,0.86,133.79,1.22
6/1/2021,1-Jun-21,0.86,134.05,1.22
6/2/2021,2-Jun-21,0.86,133.72,1.22
6/3/2021,3-Jun-21,0.86,133.81,1.22
6/4/2021,4-Jun-21,0.86,133.39,1.21
6/7/2021,7-Jun-21,0.86,132.98,1.22
6/8/2021,8-Jun-21,0.86,133.28,1.22
6/9/2021,9-Jun-21,0.86,133.38,1.22
6/10/2021,10-Jun-21,0.86,133.35,1.22
6/11/2021,11-Jun-21,0.86,132.88,1.21
6/14/2021,14-Jun-21,0.86,132.95,1.21
6/15/2021,15-Jun-21,0.86,133.28,1.21
6/16/2021,16-Jun-21,0.86,133.19,1.21
6/17/2021,17-Jun-21,0.86,132.09,1.19
6/18/2021,18-Jun-21,0.86,131.12,1.19
6/21/2021,21-Jun-21,0.86,130.91,1.19
6/22/2021,22-Jun-21,0.86,131.5,1.19
6/23/2021,23-Jun-21,0.85,132.44,1.2
6/24/2021,24-Jun-21,0.86,132.2,1.19
6/25/2021,25-Jun-21,0.86,132.27,1.2
6/28/2021,28-Jun-21,0.86,132.13,1.19
6/29/2021,29-Jun-21,0.86,131.54,1.19
6/30/2021,30-Jun-21,0.86,131.43,1.19
7/1/2021,1-Jul-21,0.86,132.42,1.19
7/2/2021,2-Jul-21,0.86,131.74,1.18
7/5/2021,5-Jul-21,0.86,131.58,1.19
7/6/2021,6-Jul-21,0.85,130.99,1.18
7/7/2021,7-Jul-21,0.86,130.86,1.18
7/8/2021,8-Jul-21,0.86,129.91,1.18
7/9/2021,9-Jul-21,0.86,130.46,1.19
7/12/2021,12-Jul-21,0.86,130.55,1.19
7/13/2021,13-Jul-21,0.86,130.55,1.18
7/14/2021,14-Jul-21,0.85,130.3,1.18
7/15/2021,15-Jul-21,0.85,129.93,1.18
7/16/2021,16-Jul-21,0.85,130.03,1.18
7/19/2021,19-Jul-21,0.86,128.96,1.18
7/20/2021,20-Jul-21,0.87,129.03,1.18
7/21/2021,21-Jul-21,0.86,129.63,1.18
7/22/2021,22-Jul-21,0.86,129.83,1.18
7/23/2021,23-Jul-21,0.86,130.11,1.18
7/26/2021,26-Jul-21,0.85,130.05,1.18
7/27/2021,27-Jul-21,0.86,129.98,1.18
7/28/2021,28-Jul-21,0.85,129.97,1.18
7/29/2021,29-Jul-21,0.85,130.41,1.19
7/30/2021,30-Jul-21,0.85,130.39,1.19
8/2/2021,2-Aug-21,0.86,130.17,1.19
8/3/2021,3-Aug-21,0.85,129.7,1.19
8/4/2021,4-Aug-21,0.85,129.31,1.19
8/5/2021,5-Aug-21,0.85,129.79,1.19
8/6/2021,6-Aug-21,0.85,129.64,1.18
8/9/2021,9-Aug-21,0.85,129.5,1.18
8/10/2021,10-Aug-21,0.85,129.48,1.17
8/11/2021,11-Aug-21,0.85,129.68,1.17
8/12/2021,12-Aug-21,0.85,129.61,1.17
8/13/2021,13-Aug-21,0.85,129.64,1.18
8/16/2021,16-Aug-21,0.85,128.75,1.18
8/17/2021,17-Aug-21,0.85,128.57,1.18
8/18/2021,18-Aug-21,0.85,128.67,1.17
8/19/2021,19-Aug-21,0.86,128.21,1.17
8/20/2021,20-Aug-21,0.86,127.97,1.17
8/23/2021,23-Aug-21,0.86,129.02,1.17
8/24/2021,24-Aug-21,0.86,128.74,1.17
8/25/2021,25-Aug-21,0.86,129,1.17
8/26/2021,26-Aug-21,0.86,129.6,1.18
8/27/2021,27-Aug-21,0.86,129.59,1.18
8/30/2021,30-Aug-21,0.86,129.66,1.18
8/31/2021,31-Aug-21,0.86,129.95,1.18
9/1/2021,1-Sep-21,0.86,130.35,1.18
9/2/2021,2-Sep-21,0.86,130.31,1.18
9/3/2021,3-Sep-21,0.86,130.54,1.19
9/6/2021,6-Sep-21,0.86,130.34,1.19
9/7/2021,7-Sep-21,0.86,130.51,1.19
9/8/2021,8-Sep-21,0.86,130.31,1.18
9/9/2021,9-Sep-21,0.86,130.1,1.18
9/10/2021,10-Sep-21,0.85,130.03,1.18
9/13/2021,13-Sep-21,0.85,129.62,1.18
9/14/2021,14-Sep-21,0.85,130.08,1.18
9/15/2021,15-Sep-21,0.86,129.11,1.18
9/16/2021,16-Sep-21,0.85,128.67,1.18
9/17/2021,17-Sep-21,0.85,129.61,1.18
9/20/2021,20-Sep-21,0.86,128.18,1.17
9/21/2021,21-Sep-21,0.86,128.34,1.17
9/22/2021,22-Sep-21,0.86,128.5,1.17
9/23/2021,23-Sep-21,0.85,128.88,1.17
9/24/2021,24-Sep-21,0.86,129.49,1.17
9/27/2021,27-Sep-21,0.85,129.74,1.17
9/28/2021,28-Sep-21,0.86,130.17,1.17
9/29/2021,29-Sep-21,0.86,129.89,1.17
9/30/2021,30-Sep-21,0.86,129.67,1.16
10/1/2021,1-Oct-21,0.86,128.97,1.16
10/4/2021,4-Oct-21,0.86,129.21,1.16
10/5/2021,5-Oct-21,0.85,128.99,1.16
10/6/2021,6-Oct-21,0.85,128.52,1.15
10/7/2021,7-Oct-21,0.85,128.78,1.16
10/8/2021,8-Oct-21,0.85,129.32,1.16
10/11/2021,11-Oct-21,0.85,130.7,1.16
10/12/2021,12-Oct-21,0.85,131.06,1.16
10/13/2021,13-Oct-21,0.85,131.3,1.16
10/14/2021,14-Oct-21,0.85,131.65,1.16
10/15/2021,15-Oct-21,0.84,132.65,1.16
10/18/2021,18-Oct-21,0.84,132.46,1.16
10/19/2021,19-Oct-21,0.84,133.12,1.17
10/20/2021,20-Oct-21,0.85,132.78,1.16
10/21/2021,21-Oct-21,0.84,132.85,1.16
10/22/2021,22-Oct-21,0.84,132.43,1.16
10/25/2021,25-Oct-21,0.84,131.88,1.16
10/26/2021,26-Oct-21,0.84,132.47,1.16
10/27/2021,27-Oct-21,0.85,132,1.16
10/28/2021,28-Oct-21,0.84,131.7,1.16
10/29/2021,29-Oct-21,0.84,132.62,1.16
11/1/2021,1-Nov-21,0.85,132.19,1.16
11/2/2021,2-Nov-21,0.85,132.03,1.16
11/3/2021,3-Nov-21,0.85,131.9,1.16
11/4/2021,4-Nov-21,0.85,131.77,1.16
11/5/2021,5-Nov-21,0.86,130.98,1.15
11/8/2021,8-Nov-21,0.85,131.29,1.16
11/9/2021,9-Nov-21,0.85,130.9,1.16
11/10/2021,10-Nov-21,0.86,130.9,1.16
11/11/2021,11-Nov-21,0.86,130.59,1.15
11/12/2021,12-Nov-21,0.86,130.5,1.14
11/15/2021,15-Nov-21,0.85,130.32,1.14
11/16/2021,16-Nov-21,0.85,129.89,1.14
11/17/2021,17-Nov-21,0.84,129.78,1.13
11/18/2021,18-Nov-21,0.84,129.58,1.13
11/19/2021,19-Nov-21,0.84,128.22,1.13
11/22/2021,22-Nov-21,0.84,128.69,1.13
11/23/2021,23-Nov-21,0.84,129.36,1.13
11/24/2021,24-Nov-21,0.84,129.06,1.12
11/25/2021,25-Nov-21,0.84,129.41,1.12
11/26/2021,26-Nov-21,0.85,128.82,1.13
11/29/2021,29-Nov-21,0.85,128.21,1.13
11/30/2021,30-Nov-21,0.85,128.2,1.14
12/1/2021,1-Dec-21,0.85,128.27,1.13
12/2/2021,2-Dec-21,0.85,127.94,1.13
12/3/2021,3-Dec-21,0.85,127.97,1.13
12/6/2021,6-Dec-21,0.85,127.78,1.13
12/7/2021,7-Dec-21,0.85,127.83,1.13
12/8/2021,8-Dec-21,0.86,128.57,1.13
12/9/2021,9-Dec-21,0.86,128.21,1.13
12/10/2021,10-Dec-21,0.85,128.2,1.13
12/13/2021,13-Dec-21,0.85,128.19,1.13
12/14/2021,14-Dec-21,0.85,128.45,1.13
12/15/2021,15-Dec-21,0.85,128.25,1.13
12/16/2021,16-Dec-21,0.85,129.37,1.13
12/17/2021,17-Dec-21,0.85,128.28,1.13
12/20/2021,20-Dec-21,0.85,127.98,1.13
12/21/2021,21-Dec-21,0.85,128.44,1.13
12/22/2021,22-Dec-21,0.85,129.08,1.13
12/23/2021,23-Dec-21,0.84,129.39,1.13
12/24/2021,24-Dec-21,0.84,129.45,1.13
12/27/2021,27-Dec-21,0.84,129.79,1.13
12/28/2021,28-Dec-21,0.84,130.16,1.13
12/29/2021,29-Dec-21,0.84,129.97,1.13
12/30/2021,30-Dec-21,0.84,130.44,1.13
12/31/2021,31-Dec-21,0.84,130.38,1.13
1/3/2022,3-Jan-22,0.84,130.56,1.14
1/4/2022,4-Jan-22,0.84,131.17,1.13
1/5/2022,5-Jan-22,0.84,131.03,1.13
1/6/2022,6-Jan-22,0.84,131.05,1.13
1/7/2022,7-Jan-22,0.83,130.9,1.13
1/10/2022,10-Jan-22,0.83,130.45,1.13
1/11/2022,11-Jan-22,0.83,130.95,1.13
1/12/2022,12-Jan-22,0.83,131.19,1.14
1/13/2022,13-Jan-22,0.84,130.98,1.15
1/14/2022,14-Jan-22,0.84,130.17,1.14
1/17/2022,17-Jan-22,0.84,130.64,1.14
1/18/2022,18-Jan-22,0.84,130.39,1.14
1/19/2022,19-Jan-22,0.83,129.86,1.13
1/20/2022,20-Jan-22,0.83,129.53,1.13
1/21/2022,21-Jan-22,0.84,129.14,1.13
1/24/2022,24-Jan-22,0.84,128.62,1.13
1/25/2022,25-Jan-22,0.84,128.49,1.13
1/26/2022,26-Jan-22,0.83,128.86,1.13
1/27/2022,27-Jan-22,0.83,128.74,1.12
1/28/2022,28-Jan-22,0.83,128.68,1.11
1/31/2022,31-Jan-22,0.83,128.79,1.12
2/1/2022,1-Feb-22,0.83,129.12,1.13
2/2/2022,2-Feb-22,0.83,129.37,1.13
2/3/2022,3-Feb-22,0.83,129.63,1.13
2/4/2022,4-Feb-22,0.85,131.72,1.15
2/7/2022,7-Feb-22,0.85,131.59,1.14
2/8/2022,8-Feb-22,0.84,131.68,1.14
2/9/2022,9-Feb-22,0.84,132.04,1.14
2/10/2022,10-Feb-22,0.84,132.42,1.14
2/11/2022,11-Feb-22,0.84,132.24,1.14
2/14/2022,14-Feb-22,0.84,130.6,1.13
2/15/2022,15-Feb-22,0.84,131.18,1.13
2/16/2022,16-Feb-22,0.84,131.56,1.14
2/17/2022,17-Feb-22,0.83,130.84,1.14
2/18/2022,18-Feb-22,0.83,130.59,1.14
2/21/2022,21-Feb-22,0.83,130.2,1.13
2/22/2022,22-Feb-22,0.84,130.54,1.13
2/23/2022,23-Feb-22,0.83,130.58,1.13
2/24/2022,24-Feb-22,0.83,128.28,1.12
2/25/2022,25-Feb-22,0.84,129.64,1.12
2/28/2022,28-Feb-22,0.84,129.31,1.12
3/1/2022,1-Mar-22,0.83,128.15,1.12
3/2/2022,2-Mar-22,0.83,128.08,1.11
3/3/2022,3-Mar-22,0.83,128.18,1.11
3/4/2022,4-Mar-22,0.82,126.17,1.09
3/7/2022,7-Mar-22,0.83,125.55,1.09
3/8/2022,8-Mar-22,0.83,126.03,1.09
3/9/2022,9-Mar-22,0.84,127.31,1.1
3/10/2022,10-Mar-22,0.84,128.54,1.11
3/11/2022,11-Mar-22,0.84,128.46,1.1
3/14/2022,14-Mar-22,0.84,129.3,1.1
3/15/2022,15-Mar-22,0.84,129.67,1.1
3/16/2022,16-Mar-22,0.84,130.05,1.1
3/17/2022,17-Mar-22,0.84,131.27,1.11
3/18/2022,18-Mar-22,0.84,131.4,1.1
3/21/2022,21-Mar-22,0.84,131.57,1.1
3/22/2022,22-Mar-22,0.83,132.96,1.1
3/23/2022,23-Mar-22,0.83,132.65,1.1
3/24/2022,24-Mar-22,0.83,133.71,1.1
3/25/2022,25-Mar-22,0.83,134.07,1.1
3/28/2022,28-Mar-22,0.84,135.93,1.1
3/29/2022,29-Mar-22,0.84,136.66,1.11
3/30/2022,30-Mar-22,0.85,135.47,1.11
3/31/2022,31-Mar-22,0.85,135.17,1.11
4/1/2022,1-Apr-22,0.84,135.35,1.11
4/4/2022,4-Apr-22,0.84,135.08,1.1
4/5/2022,5-Apr-22,0.83,134.76,1.1
4/6/2022,6-Apr-22,0.83,135.3,1.09
4/7/2022,7-Apr-22,0.83,135.32,1.09
4/8/2022,8-Apr-22,0.83,134.87,1.09
4/11/2022,11-Apr-22,0.84,137.01,1.09
4/12/2022,12-Apr-22,0.83,136.29,1.09
4/13/2022,13-Apr-22,0.83,136.26,1.08
4/14/2022,14-Apr-22,0.83,136.32,1.09
4/19/2022,19-Apr-22,0.83,138.4,1.08
4/20/2022,20-Apr-22,0.83,138.53,1.08
4/21/2022,21-Apr-22,0.84,139.61,1.09
4/22/2022,22-Apr-22,0.84,138.83,1.08
4/25/2022,25-Apr-22,0.84,137.73,1.07
4/26/2022,26-Apr-22,0.84,136.15,1.07
4/27/2022,27-Apr-22,0.84,135.57,1.06
4/28/2022,28-Apr-22,0.84,137.13,1.05
4/29/2022,29-Apr-22,0.84,137.01,1.05
5/2/2022,2-May-22,0.84,136.63,1.05
5/3/2022,3-May-22,0.84,137.06,1.06
5/4/2022,4-May-22,0.84,136.84,1.05
5/5/2022,5-May-22,0.85,137.18,1.06
5/6/2022,6-May-22,0.86,137.9,1.06
5/9/2022,9-May-22,0.85,138.1,1.06
5/10/2022,10-May-22,0.86,137.38,1.06
5/11/2022,11-May-22,0.85,137.07,1.06
5/12/2022,12-May-22,0.85,133.85,1.04
5/13/2022,13-May-22,0.85,133.91,1.04
5/16/2022,16-May-22,0.85,135.01,1.04
5/17/2022,17-May-22,0.84,136.32,1.05
5/18/2022,18-May-22,0.85,135.76,1.05
5/19/2022,19-May-22,0.85,134.46,1.05
5/20/2022,20-May-22,0.85,135.34,1.06
5/23/2022,23-May-22,0.85,136.05,1.07
5/24/2022,24-May-22,0.86,136.49,1.07
5/25/2022,25-May-22,0.85,135.34,1.07
5/26/2022,26-May-22,0.85,135.95,1.07
5/27/2022,27-May-22,0.85,136.05,1.07
5/30/2022,30-May-22,0.85,137.25,1.08
5/31/2022,31-May-22,0.85,137.36,1.07
6/1/2022,1-Jun-22,0.85,138.68,1.07
6/2/2022,2-Jun-22,0.85,138.72,1.07
6/3/2022,3-Jun-22,0.85,139.59,1.07
6/6/2022,6-Jun-22,0.85,140.16,1.07
6/7/2022,7-Jun-22,0.85,141.66,1.07
6/8/2022,8-Jun-22,0.86,143.92,1.07
6/9/2022,9-Jun-22,0.86,143.93,1.07
6/10/2022,10-Jun-22,0.85,141.69,1.06
6/13/2022,13-Jun-22,0.86,140.51,1.05
6/14/2022,14-Jun-22,0.87,140.62,1.05
6/15/2022,15-Jun-22,0.86,140.49,1.04
6/16/2022,16-Jun-22,0.86,138.24,1.04
6/17/2022,17-Jun-22,0.86,141.21,1.05
6/20/2022,20-Jun-22,0.86,141.94,1.05
6/21/2022,21-Jun-22,0.86,143.75,1.06
6/22/2022,22-Jun-22,0.86,143.11,1.05
6/23/2022,23-Jun-22,0.86,142.11,1.05
6/24/2022,24-Jun-22,0.86,142.19,1.05
6/27/2022,27-Jun-22,0.86,143.25,1.06
6/28/2022,28-Jun-22,0.86,143.67,1.06
6/29/2022,29-Jun-22,0.86,143.53,1.05
6/30/2022,30-Jun-22,0.86,141.54,1.04
7/1/2022,1-Jul-22,0.87,141.05,1.04
7/4/2022,4-Jul-22,0.86,141.51,1.05
7/5/2022,5-Jul-22,0.86,139.77,1.03
7/6/2022,6-Jul-22,0.86,137.71,1.02
7/7/2022,7-Jul-22,0.85,138.11,1.02
7/8/2022,8-Jul-22,0.85,138.05,1.02
7/11/2022,11-Jul-22,0.85,138.77,1.01
7/12/2022,12-Jul-22,0.85,137.31,1
7/13/2022,13-Jul-22,0.84,138.02,1.01
7/14/2022,14-Jul-22,0.85,139.04,1
7/15/2022,15-Jul-22,0.85,139.49,1.01
7/18/2022,18-Jul-22,0.85,140.16,1.01
7/19/2022,19-Jul-22,0.85,141.01,1.02
7/20/2022,20-Jul-22,0.85,140.92,1.02
7/21/2022,21-Jul-22,0.86,141.46,1.02
7/22/2022,22-Jul-22,0.85,139.51,1.02
7/25/2022,25-Jul-22,0.85,139.84,1.02
7/26/2022,26-Jul-22,0.85,138.35,1.01
7/27/2022,27-Jul-22,0.84,138.89,1.02
7/28/2022,28-Jul-22,0.84,137.26,1.01
7/29/2022,29-Jul-22,0.84,136.42,1.02
8/1/2022,1-Aug-22,0.84,135.38,1.02
8/2/2022,2-Aug-22,0.84,133.9,1.02
8/3/2022,3-Aug-22,0.84,136.18,1.02
8/4/2022,4-Aug-22,0.84,135.81,1.02
8/5/2022,5-Aug-22,0.84,136.22,1.02
8/8/2022,8-Aug-22,0.84,137.62,1.02
8/9/2022,9-Aug-22,0.85,138.26,1.02
8/10/2022,10-Aug-22,0.85,138.16,1.03
8/11/2022,11-Aug-22,0.85,136.57,1.03
8/12/2022,12-Aug-22,0.85,137.47,1.03
8/15/2022,15-Aug-22,0.84,135.61,1.02
8/16/2022,16-Aug-22,0.84,136.11,1.01
8/17/2022,17-Aug-22,0.84,137.36,1.02
8/18/2022,18-Aug-22,0.84,137.17,1.02
8/19/2022,19-Aug-22,0.85,137.67,1.01
8/22/2022,22-Aug-22,0.85,137.08,1
8/23/2022,23-Aug-22,0.84,136.34,0.99
8/24/2022,24-Aug-22,0.84,135.74,0.99
8/25/2022,25-Aug-22,0.84,136.07,1
8/26/2022,26-Aug-22,0.85,137.02,1
8/29/2022,29-Aug-22,0.85,138.49,1
8/30/2022,30-Aug-22,0.86,138.71,1
8/31/2022,31-Aug-22,0.86,138.72,1
9/1/2022,1-Sep-22,0.86,139.34,1
9/2/2022,2-Sep-22,0.86,140.36,1
9/5/2022,5-Sep-22,0.86,139.47,0.99
9/6/2022,6-Sep-22,0.86,140.91,0.99
9/7/2022,7-Sep-22,0.87,143.2,0.99
9/8/2022,8-Sep-22,0.87,143.65,1
9/9/2022,9-Sep-22,0.87,143.3,1
9/12/2022,12-Sep-22,0.87,144.49,1.02
9/13/2022,13-Sep-22,0.87,144.5,1.02
9/14/2022,14-Sep-22,0.86,143.08,1
9/15/2022,15-Sep-22,0.87,143.43,1
9/16/2022,16-Sep-22,0.87,142.53,1
9/19/2022,19-Sep-22,0.88,143.42,1
9/20/2022,20-Sep-22,0.87,143.34,1
9/21/2022,21-Sep-22,0.87,142.66,0.99
9/22/2022,22-Sep-22,0.87,139.18,0.99
9/23/2022,23-Sep-22,0.88,139.43,0.98
9/26/2022,26-Sep-22,0.89,139.07,0.96
9/27/2022,27-Sep-22,0.89,139.28,0.96
9/28/2022,28-Sep-22,0.9,138.39,0.96
9/29/2022,29-Sep-22,0.89,140.46,0.97
9/30/2022,30-Sep-22,0.88,141.01,0.97
10/3/2022,3-Oct-22,0.87,141.49,0.98
10/4/2022,4-Oct-22,0.87,143.3,0.99
10/5/2022,5-Oct-22,0.87,143.18,0.99
10/6/2022,6-Oct-22,0.88,142.68,0.99
10/7/2022,7-Oct-22,0.87,141.92,0.98
10/10/2022,10-Oct-22,0.88,141.16,0.97
10/11/2022,11-Oct-22,0.88,141.54,0.97
10/12/2022,12-Oct-22,0.88,142.34,0.97
10/13/2022,13-Oct-22,0.87,142.94,0.97
10/14/2022,14-Oct-22,0.87,143.63,0.97
10/17/2022,17-Oct-22,0.86,145,0.97
10/18/2022,18-Oct-22,0.87,146.65,0.98
10/19/2022,19-Oct-22,0.87,146.34,0.98
10/20/2022,20-Oct-22,0.87,146.99,0.98
10/21/2022,21-Oct-22,0.88,147.59,0.97
10/24/2022,24-Oct-22,0.87,146.76,0.99
10/25/2022,25-Oct-22,0.87,146.84,0.99
10/26/2022,26-Oct-22,0.87,147.32,1
10/27/2022,27-Oct-22,0.87,147.37,1
10/28/2022,28-Oct-22,0.86,146.79,1
10/31/2022,31-Oct-22,0.86,147.4,0.99
11/1/2022,1-Nov-22,0.86,146.35,0.99
11/2/2022,2-Nov-22,0.86,145.75,0.99
11/3/2022,3-Nov-22,0.87,144.58,0.98
11/4/2022,4-Nov-22,0.87,145.19,0.99
11/7/2022,7-Nov-22,0.87,146.18,1
11/8/2022,8-Nov-22,0.87,146.25,1
11/9/2022,9-Nov-22,0.88,146.82,1
11/10/2022,10-Nov-22,0.87,145.47,1
11/11/2022,11-Nov-22,0.88,143.89,1.03
11/14/2022,14-Nov-22,0.88,144.86,1.03
11/15/2022,15-Nov-22,0.87,144.84,1.04
11/16/2022,16-Nov-22,0.87,145.29,1.04
11/17/2022,17-Nov-22,0.87,144.8,1.03
11/18/2022,18-Nov-22,0.87,145.12,1.04
11/21/2022,21-Nov-22,0.87,145.33,1.02
11/22/2022,22-Nov-22,0.86,145.2,1.03
11/23/2022,23-Nov-22,0.86,145.75,1.03
11/24/2022,24-Nov-22,0.86,143.9,1.04
11/25/2022,25-Nov-22,0.86,144.62,1.04
11/28/2022,28-Nov-22,0.87,144.9,1.05
11/29/2022,29-Nov-22,0.86,143.36,1.04
11/30/2022,30-Nov-22,0.86,144.28,1.04
12/1/2022,1-Dec-22,0.86,142.48,1.05
12/2/2022,2-Dec-22,0.86,141.32,1.05
12/5/2022,5-Dec-22,0.86,143.07,1.06
12/6/2022,6-Dec-22,0.86,143.33,1.05
12/7/2022,7-Dec-22,0.86,144.44,1.05
12/8/2022,8-Dec-22,0.86,143.75,1.05
12/9/2022,9-Dec-22,0.86,143.3,1.06
12/12/2022,12-Dec-22,0.86,144.86,1.06
12/13/2022,13-Dec-22,0.86,144.85,1.05
12/14/2022,14-Dec-22,0.86,143.68,1.06
12/15/2022,15-Dec-22,0.86,145.07,1.06
12/16/2022,16-Dec-22,0.87,145.53,1.06
12/19/2022,19-Dec-22,0.87,144.65,1.06
12/20/2022,20-Dec-22,0.88,140.58,1.06
12/21/2022,21-Dec-22,0.88,140.29,1.06
12/22/2022,22-Dec-22,0.88,140.42,1.06
12/23/2022,23-Dec-22,0.88,140.86,1.06
12/27/2022,27-Dec-22,0.88,141.68,1.06
12/28/2022,28-Dec-22,0.88,142.21,1.06
12/29/2022,29-Dec-22,0.89,142.24,1.06
12/30/2022,30-Dec-22,0.89,140.66,1.07
1/2/2023,2-Jan-23,0.89,139.62,1.07
1/3/2023,3-Jan-23,0.88,137.93,1.05
1/4/2023,4-Jan-23,0.88,138.74,1.06
1/5/2023,5-Jan-23,0.88,140.95,1.06
1/6/2023,6-Jan-23,0.88,141.3,1.05
1/9/2023,9-Jan-23,0.88,141.35,1.07
1/10/2023,10-Jan-23,0.88,141.92,1.07
1/11/2023,11-Jan-23,0.89,142.61,1.07
1/12/2023,12-Jan-23,0.89,140.61,1.08
1/13/2023,13-Jan-23,0.89,139.02,1.08
1/16/2023,16-Jan-23,0.89,138.92,1.08
1/17/2023,17-Jan-23,0.89,139.5,1.08
1/18/2023,18-Jan-23,0.88,139.79,1.08
1/19/2023,19-Jan-23,0.88,139.02,1.08
1/20/2023,20-Jan-23,0.88,140.86,1.08
1/23/2023,23-Jan-23,0.88,141.65,1.09
1/24/2023,24-Jan-23,0.88,141.47,1.09
1/25/2023,25-Jan-23,0.88,141.17,1.09
1/26/2023,26-Jan-23,0.88,141.38,1.09
1/27/2023,27-Jan-23,0.88,141.1,1.09
1/30/2023,30-Jan-23,0.88,141.79,1.09
1/31/2023,31-Jan-23,0.88,141.27,1.08
2/1/2023,1-Feb-23,0.88,141.37,1.09
2/2/2023,2-Feb-23,0.89,141.12,1.1
2/3/2023,3-Feb-23,0.89,140.45,1.09
2/6/2023,6-Feb-23,0.89,142.41,1.08
2/7/2023,7-Feb-23,0.89,141.3,1.07
2/8/2023,8-Feb-23,0.89,140.81,1.07
2/9/2023,9-Feb-23,0.89,140.8,1.08
2/10/2023,10-Feb-23,0.88,139.88,1.07
2/13/2023,13-Feb-23,0.88,141.65,1.07
2/14/2023,14-Feb-23,0.88,142.14,1.08
2/15/2023,15-Feb-23,0.89,143.05,1.07
2/16/2023,16-Feb-23,0.89,143.31,1.07
2/17/2023,17-Feb-23,0.89,143.18,1.06
2/20/2023,20-Feb-23,0.89,143.09,1.07
2/21/2023,21-Feb-23,0.88,143.76,1.07
2/22/2023,22-Feb-23,0.88,143.24,1.06
2/23/2023,23-Feb-23,0.88,143.32,1.06
2/24/2023,24-Feb-23,0.88,143.55,1.06
2/27/2023,27-Feb-23,0.88,143.88,1.06
2/28/2023,28-Feb-23,0.88,145.23,1.06
3/1/2023,1-Mar-23,0.89,144.82,1.07
3/2/2023,2-Mar-23,0.89,145.07,1.06
3/3/2023,3-Mar-23,0.89,144.55,1.06
3/6/2023,6-Mar-23,0.89,144.64,1.06
3/7/2023,7-Mar-23,0.89,145.21,1.07
3/8/2023,8-Mar-23,0.89,144.7,1.05
3/9/2023,9-Mar-23,0.89,143.82,1.06
3/10/2023,10-Mar-23,0.88,144.7,1.06
3/13/2023,13-Mar-23,0.88,141.96,1.07
3/14/2023,14-Mar-23,0.88,144.09,1.07
3/15/2023,15-Mar-23,0.87,139.51,1.05
3/16/2023,16-Mar-23,0.88,140.18,1.06
3/17/2023,17-Mar-23,0.87,140.57,1.06
3/20/2023,20-Mar-23,0.88,140.77,1.07
3/21/2023,21-Mar-23,0.88,142.63,1.08
3/22/2023,22-Mar-23,0.88,143.13,1.08
3/23/2023,23-Mar-23,0.89,142.87,1.09
3/24/2023,24-Mar-23,0.88,139.85,1.07
3/27/2023,27-Mar-23,0.88,141.64,1.08
3/28/2023,28-Mar-23,0.88,141.69,1.08
3/29/2023,29-Mar-23,0.88,143.58,1.08
3/30/2023,30-Mar-23,0.88,144.42,1.09
3/31/2023,31-Mar-23,0.88,144.83,1.09
4/3/2023,3-Apr-23,0.88,144.51,1.09
4/4/2023,4-Apr-23,0.87,144.94,1.09
4/5/2023,5-Apr-23,0.88,143.74,1.09
4/6/2023,6-Apr-23,0.87,143.49,1.09
4/11/2023,11-Apr-23,0.88,145.28,1.09
4/12/2023,12-Apr-23,0.88,146.09,1.09
4/13/2023,13-Apr-23,0.88,146.81,1.1
4/14/2023,14-Apr-23,0.88,146.6,1.11
4/17/2023,17-Apr-23,0.88,146.97,1.1
4/18/2023,18-Apr-23,0.88,146.89,1.1
4/19/2023,19-Apr-23,0.88,147.24,1.09
4/20/2023,20-Apr-23,0.88,147.46,1.09
4/21/2023,21-Apr-23,0.89,146.92,1.1
4/24/2023,24-Apr-23,0.88,148.17,1.1
4/25/2023,25-Apr-23,0.89,147.91,1.1
4/26/2023,26-Apr-23,0.89,147.67,1.1
4/27/2023,27-Apr-23,0.88,147.16,1.1
4/28/2023,28-Apr-23,0.88,149.35,1.1
5/2/2023,2-May-23,0.88,150.7,1.1
5/3/2023,3-May-23,0.88,149.66,1.1
5/4/2023,4-May-23,0.88,148.92,1.11
5/5/2023,5-May-23,0.87,147.8,1.1
5/8/2023,8-May-23,0.87,149.15,1.1
5/9/2023,9-May-23,0.87,147.97,1.1
5/10/2023,10-May-23,0.87,148.18,1.1
5/11/2023,11-May-23,0.87,146.54,1.09
5/12/2023,12-May-23,0.87,147.02,1.09
5/15/2023,15-May-23,0.87,148.15,1.09
5/16/2023,16-May-23,0.87,147.89,1.09
5/17/2023,17-May-23,0.87,148.31,1.08
5/18/2023,18-May-23,0.87,149.08,1.08
5/19/2023,19-May-23,0.87,149.55,1.08
5/22/2023,22-May-23,0.87,149.64,1.08
5/23/2023,23-May-23,0.87,149.2,1.08
5/24/2023,24-May-23,0.87,149.3,1.08
5/25/2023,25-May-23,0.87,149.63,1.07
5/26/2023,26-May-23,0.87,150.24,1.08
5/29/2023,29-May-23,0.87,150.29,1.07
5/30/2023,30-May-23,0.86,150.01,1.07
5/31/2023,31-May-23,0.86,149.13,1.07
6/1/2023,1-Jun-23,0.86,149.25,1.07
6/2/2023,2-Jun-23,0.86,149.46,1.08
6/5/2023,5-Jun-23,0.86,149.96,1.07
6/6/2023,6-Jun-23,0.86,149.09,1.07
6/7/2023,7-Jun-23,0.86,149.42,1.07
6/8/2023,8-Jun-23,0.86,149.98,1.07
6/9/2023,9-Jun-23,0.86,150.24,1.08
6/12/2023,12-Jun-23,0.86,150.03,1.08
6/13/2023,13-Jun-23,0.86,150.62,1.08
6/14/2023,14-Jun-23,0.85,151.21,1.08
6/15/2023,15-Jun-23,0.86,152.86,1.08
6/16/2023,16-Jun-23,0.85,154.65,1.1
6/19/2023,19-Jun-23,0.85,154.94,1.09
6/20/2023,20-Jun-23,0.86,154.51,1.09
6/21/2023,21-Jun-23,0.86,154.89,1.09
6/22/2023,22-Jun-23,0.86,156.05,1.1
6/23/2023,23-Jun-23,0.85,155.84,1.09
6/26/2023,26-Jun-23,0.86,156.41,1.09
6/27/2023,27-Jun-23,0.86,157.14,1.1
6/28/2023,28-Jun-23,0.86,157.82,1.09
6/29/2023,29-Jun-23,0.86,157.74,1.09
6/30/2023,30-Jun-23,0.86,157.16,1.09
7/3/2023,3-Jul-23,0.86,157.81,1.09
7/4/2023,4-Jul-23,0.86,157.34,1.09
7/5/2023,5-Jul-23,0.86,157.26,1.09
7/6/2023,6-Jul-23,0.85,156.57,1.09
7/7/2023,7-Jul-23,0.85,156.01,1.09
7/10/2023,10-Jul-23,0.86,155.73,1.1
7/11/2023,11-Jul-23,0.85,154.27,1.1
7/12/2023,12-Jul-23,0.85,153.84,1.1
7/13/2023,13-Jul-23,0.86,154.84,1.12
7/14/2023,14-Jul-23,0.86,155.51,1.12
7/17/2023,17-Jul-23,0.86,155.38,1.12
7/18/2023,18-Jul-23,0.86,155.4,1.13
7/19/2023,19-Jul-23,0.87,156.76,1.12
7/20/2023,20-Jul-23,0.87,156.35,1.12
7/21/2023,21-Jul-23,0.87,157.63,1.11
7/24/2023,24-Jul-23,0.86,156.47,1.11
7/25/2023,25-Jul-23,0.86,156.18,1.11
7/26/2023,26-Jul-23,0.86,155.3,1.11
7/27/2023,27-Jul-23,0.86,155.95,1.11
7/28/2023,28-Jul-23,0.86,153.35,1.1
7/31/2023,31-Jul-23,0.86,156.73,1.1
8/1/2023,1-Aug-23,0.86,156.85,1.1
8/2/2023,2-Aug-23,0.86,156.88,1.1
8/3/2023,3-Aug-23,0.86,156.24,1.09
8/4/2023,4-Aug-23,0.86,156.11,1.09
8/7/2023,7-Aug-23,0.86,156.21,1.1
8/8/2023,8-Aug-23,0.86,156.55,1.09
8/9/2023,9-Aug-23,0.86,157.35,1.1
8/10/2023,10-Aug-23,0.86,158.43,1.1
8/11/2023,11-Aug-23,0.86,158.97,1.1
8/14/2023,14-Aug-23,0.86,158.68,1.09
8/15/2023,15-Aug-23,0.86,159.04,1.09
8/16/2023,16-Aug-23,0.86,159.07,1.09
8/17/2023,17-Aug-23,0.85,158.88,1.09
8/18/2023,18-Aug-23,0.85,158.11,1.09
8/21/2023,21-Aug-23,0.85,159.15,1.09
8/22/2023,22-Aug-23,0.85,158.7,1.09
8/23/2023,23-Aug-23,0.86,157.28,1.08
8/24/2023,24-Aug-23,0.86,157.96,1.08
8/25/2023,25-Aug-23,0.86,157.75,1.08
8/28/2023,28-Aug-23,0.86,158.35,1.08
8/29/2023,29-Aug-23,0.86,158.93,1.08
8/30/2023,30-Aug-23,0.86,159.15,1.09
8/31/2023,31-Aug-23,0.86,158.49,1.09
9/1/2023,1-Sep-23,0.86,157.47,1.08
9/4/2023,4-Sep-23,0.86,158.11,1.08
9/5/2023,5-Sep-23,0.86,158.2,1.07
9/6/2023,6-Sep-23,0.86,158.18,1.07
9/7/2023,7-Sep-23,0.86,157.7,1.07
9/8/2023,8-Sep-23,0.86,157.84,1.07
9/11/2023,11-Sep-23,0.86,157.16,1.07
9/12/2023,12-Sep-23,0.86,157.42,1.07
9/13/2023,13-Sep-23,0.86,158.28,1.07
9/14/2023,14-Sep-23,0.86,158.13,1.07
9/15/2023,15-Sep-23,0.86,157.5,1.07
9/18/2023,18-Sep-23,0.86,157.44,1.07
9/19/2023,19-Sep-23,0.86,158.2,1.07
9/20/2023,20-Sep-23,0.87,158.28,1.07
9/21/2023,21-Sep-23,0.87,157.34,1.06
9/22/2023,22-Sep-23,0.87,157.87,1.06
9/25/2023,25-Sep-23,0.87,158.08,1.06
9/26/2023,26-Sep-23,0.87,157.87,1.06
9/27/2023,27-Sep-23,0.87,157.2,1.05
9/28/2023,28-Sep-23,0.86,157.33,1.05
9/29/2023,29-Sep-23,0.86,158.1,1.06
10/2/2023,2-Oct-23,0.87,157.67,1.05
10/3/2023,3-Oct-23,0.87,157.01,1.05
10/4/2023,4-Oct-23,0.87,156.48,1.05
10/5/2023,5-Oct-23,0.87,156.71,1.05
10/6/2023,6-Oct-23,0.87,157.47,1.06
10/9/2023,9-Oct-23,0.87,157.06,1.05
10/10/2023,10-Oct-23,0.86,157.71,1.06
10/11/2023,11-Oct-23,0.86,157.87,1.06
10/12/2023,12-Oct-23,0.86,158.35,1.06
10/13/2023,13-Oct-23,0.86,157.44,1.05
10/16/2023,16-Oct-23,0.87,157.54,1.05
10/17/2023,17-Oct-23,0.87,158.03,1.06
10/18/2023,18-Oct-23,0.87,158.1,1.06
10/19/2023,19-Oct-23,0.87,158.21,1.06
10/20/2023,20-Oct-23,0.87,158.8,1.06
10/23/2023,23-Oct-23,0.87,158.91,1.06
10/24/2023,24-Oct-23,0.87,159.26,1.06
10/25/2023,25-Oct-23,0.87,158.55,1.06
10/26/2023,26-Oct-23,0.87,158.48,1.05
10/27/2023,27-Oct-23,0.87,158.08,1.05
10/30/2023,30-Oct-23,0.87,158.8,1.06
10/31/2023,31-Oct-23,0.87,160.3,1.06
11/1/2023,1-Nov-23,0.87,159.33,1.05
11/2/2023,2-Nov-23,0.87,159.89,1.07
11/3/2023,3-Nov-23,0.87,159.87,1.07
11/6/2023,6-Nov-23,0.87,160.87,1.07
11/7/2023,7-Nov-23,0.87,160.77,1.07
11/8/2023,8-Nov-23,0.87,160.97,1.07
11/9/2023,9-Nov-23,0.87,161.57,1.07
11/10/2023,10-Nov-23,0.87,161.77,1.07
11/13/2023,13-Nov-23,0.87,161.96,1.07
11/14/2023,14-Nov-23,0.87,162.67,1.07
11/15/2023,15-Nov-23,0.87,163.39,1.09
11/16/2023,16-Nov-23,0.88,164.05,1.08
11/17/2023,17-Nov-23,0.87,162.29,1.09
11/20/2023,20-Nov-23,0.88,162.12,1.09
11/21/2023,21-Nov-23,0.87,161.61,1.1
11/22/2023,22-Nov-23,0.87,162.25,1.09
11/23/2023,23-Nov-23,0.87,162.98,1.09
11/24/2023,24-Nov-23,0.87,163.3,1.09
11/27/2023,27-Nov-23,0.87,162.86,1.1
11/28/2023,28-Nov-23,0.87,162.74,1.09
11/29/2023,29-Nov-23,0.87,162.12,1.1
11/30/2023,30-Nov-23,0.86,161.19,1.09
12/1/2023,1-Dec-23,0.86,161.14,1.09
12/4/2023,4-Dec-23,0.86,159.47,1.09
12/5/2023,5-Dec-23,0.86,159.13,1.08
12/6/2023,6-Dec-23,0.86,158.7,1.08
12/7/2023,7-Dec-23,0.86,156.18,1.08
12/8/2023,8-Dec-23,0.86,155.53,1.08
12/11/2023,11-Dec-23,0.86,157.54,1.08
12/12/2023,12-Dec-23,0.86,156.84,1.08
